Product_id,Selling_Price
SCHE4YSTDVPVZVXW,
ACCEGCATKHNRXUHW,
NKCE6GJ5XVJDXNNZ,
NKCEB8BK3ZXDHDHM,
TOPEFDXSAHRNPF94,
ACCE558KZHEPZYMG,
ACCEAZCVAMFHDPY7,
NKCDYNY37JPBGBVM,
NKCEY8KWY33FCUYD,
RNGE4YPTQYRECV9J,
NKCE88AHBHJZREXH,
CLTEJ5ZZGBP4JGGE,
WATE3NWH5FZWAMDA,
CAGE53FSFZVFPFHQ,
PCSEAKVBFFPGCHNZ,
WATDFFH3KJYBTYGG,
NKCDWHFQSCHHYZMP,
RNGEB2PG3Q5RKDW6,
NKCE5UY9HHPZGGUZ,
KTAEHETW3ZCMFMJR,
BRAEBBYRVF9MHJHU,
NKCEAX7HAQ2RJA3Q,
CRTECN2RQZWBSP9W,
WATDEWZ9UHSEHGZG,
PTPEYW8HNV6G9YYR,
ACCEAMGZRRYVAHDC,
SRTEHHXG8MUXTGPA,
SKIE4S4NN4MHYM3Z,
HMBE7G34YHWPWKYN,
LLIEGTMFJBD7ZZZM,
ACCEJGH6JVTM4CBH,
ACCDQDYBXJ9HZF37,
RNGE88FRGZCXNKUG,
NKCE7M3QNNPZDXHQ,
VLBEGFFDP9H6WG2T,
TOPEAFG4YEQSH5TT,
WATEYAP3K2QQQWDH,
PCSEBDFUFJWGARNX,
SWTEGXQFZY95SKG7,
BRAEGJFXSM9ZQ6SK,
CAGE6FYKP34GA4GF,
HMBEJCMH78VJF3M8,
HIFEB7J3GSTVN5XJ,
PBXE6ZHNGZREWWHR,
PCSEAKVBNXFGZBKB,
BRAEBBMQQNZ9RZWR,
ACCEGKFCXHZZH44S,
SHODXQRRGKZ74U9M,
DREE2Y6DVEKVVQQS,
PBXE8ZHHG5Y525BT,
CTTEH9FXZHGFKUA3,
ACCDXFZXGQTBTM6N,
NKCE9PFF3TT4KSQJ,
BRAE6NZAZK77HXZK,
NKCE4TV42BHDP63U,
AIREDGGD9RJPZGYW,
PCSEDAPMHR2HNHWP,
PACE95FMAFXHZB5C,
WATDG4KP445AV5XC,
ACCE9EYRRNZYZUBG,
ACCE8XZMAHNC8JVS,
SHOED5DCSTQKZCGF,
NKCE64Z4NGBHNAY7,
PBXE8WQTZ5GA2YYQ,
MUGEGZUMGYAPVSZH,
PBXE4RB3Y3GXWPFV,
PCSE2ZFDJJGFNHC7,
CRTECN2QT5HKHZ8F,
MUGEACY8Q7ZYSTN8,
ACCEGG9VGRMQGHRD,
PCSE76X48PVSDDVK,
PBXE6677X2D6UFZZ,
WCKEGGGD2TXHHTJC,
NKCE7MMGF4PPGNA6,
CRTECN2QYTPHK5YQ,
OIDEJFCWMMR6JQBE,
WATE5HFY4MJX6CHD,
DREE4FC4TAR8M5GN,
HACEGPF9DZVUZBFY,
PBXE4Q7YF5KUYJYW,
SHIED9YEH65NSA8N,
WATDHMQJ68MVBRFV,
HMBEGWTFEV4TF2RH,
SHIE2FH7YTVDHFGT,
CRTECN2QYRY2KWZF,
TSHEDJXPN4HNT2UP,
SHOECZH5WGBZHZES,
NKCEDCT9MSAYG6H5,
SOCEGGVYBTZPKXVP,
PBXECARAQBCDSAZW,
CAGDU85YDHP9ZJH7,
TCVEHSMFEGNCAGYN,
RNGEDAPFZ2GKRUER,
CAGDY9Q7HSNDHGFC,
NKCECKHYZVHBQU9F,
NKCDQSVCRH8W73GF,
WATD9H76RKGUUZHY,
NKCE5HYVDQVATMKF,
RNGE9GWMKVHGEYZG,
SHOEAGUMMWFABHUT,
SWDEGZMPYQGNEBHG,
TOPEFDXSHZPHCUAU,
CAGDU85Y85GDJGUD,
CAGE4BQXK3FSTRRS,
CAGDZVGTV3SMMMBY,
BEOEGXRVQPCKJHYC,
NKCE9YFBBYBM88DR,
DREECZGZVWGQM23M,
PBXECYF3YHWYG4UN,
WATEBG8FGBPUPKCV,
SHIEEJG9RRDUH9XG,
CRTECN2QXAPEWXSF,
BRAEE6YMSYPNCUX3,
WATE9MVXJXHZHEJU,
RNGDREYRQQGZAPQM,
CTPEGGFSNDQFAAVE,
NKCEF2RFAPHSHZZZ,
TOPDYAZZG5NU7ZBZ,
PBXE7QPWMSS5XGPZ,
PCSECV3FHFAQ9T36,
CRNEJB4NBT9BTM84,
TSHEHU5RFJCTJKBV,
DREECZJC3XBKGDZT,
SUDEGGATGYXA9YBC,
BRAE8WYHTVZMFFHS,
SFFEGZBXTYFSYJQA,
ACCEABVYXNHCT8UE,
BWLE6SJE9PXGV6DD,
NKCDYQ3RHYREHHYV,
NKCECDCRWDMZEH2Z,
SRTEH2F6HUZMQ6SJ,
BRAE6KWFGZFXKPPB,
HACEJQY5FQRZZUGM,
CAGEYUXVF2FNARKD,
NKCE7M3QTHTCGVVF,
TOPE8PBFNH9YNHFK,
BRAEDQFRZS9QFYTQ,
HMBEJCMMQR2JHFVP,
ACCDRFVG52PHVRSK,
NKCE7MBR4QRBASDQ,
NKCDWBPZNZU5K2QZ,
BRAE8HMQATXFHFGZ,
MUGEAGGKEGCPWWPN,
BKPEGXYWWJPETZZA,
SGLEGBV6ZNUJNJS9,
CAGEYUXVAKNKDUUV,
NKCEDH9ANZGDAUWG,
NKCE5EHJHS38BUWB,
PBXE9YWGRFUQXHQH,
SHIE3QDHP5RDGMZY,
RNGE9HDVMPVBYPGJ,
SCHE4YSTCUUSJWCK,
SNDEGGTV9XERMGHH,
PBXE92XFUMB7QWY6,
CRTECN2QYK2R2PUS,
TOPEEEPVYHHF9HGW,
MUGE8F5RDEYMH4YH,
NKCE52CSJ2GUY64G,
SHOE2K68QHZ3DWZF,
DREE9YJHZZHWHAU7,
NKCEACYSHS4MGKGY,
CAGECT64KH6CZVMR,
WATD9H76RG5FQT5Y,
NKCE5UY97ACC9QAZ,
LJGEG6UPBW8GKPRD,
PBXEBFGFRM5797BZ,
RNGEAY8GRWYMYSAK,
SHOEF9G8WTWGAAFB,
PBXE5ZJZSAC73ZED,
NKCEYYX9HJWJXAA8,
CAGDTFSHTF6TRBFZ,
PBXE6E6YDZDNVKQH,
TROEGNQDQNGN99PJ,
CRTECN2QXC68CTUM,
CRTECN2QZNXTGGXG,
VANE4VND2XHZRCNT,
NKCE8SESMHF2VSRM,
SHOEBYY4ZDWGQGEW,
NKCEB7935AJSADGR,
SHIEBAXYS3FUTX8Z,
NKCE2YCPKAPWDH8C,
FABE92NVHZHSFHGT,
SHIE93YGTRAV6XTW,
CSOEGTPR39XZHZJY,
WATE5HFYHPFHRCHY,
BRAEBHCHY6VVRNRQ,
NKCE5QPMUZRQFDAZ,
NKCE9ABEE5HDWZSM,
SHOEJCZ28JFRY9RR,
PSLEAVTQQXEXZYYZ,
SHOE66V8UMNGZKYM,
SHIE5HBGWKWJWFRA,
TOPE4HXDZHPR9K2C,
BRAEBCTWGWYRWXHC,
TOPE6ZCJBVZY3HBH,
CRNEG7BKMFFYHQ8Z,
SHOE7DJBEPYGQPHF,
ACCEHY86UG6B63AZ,
BLBEJR23J2CTPFAU,
ACCEEV5V5VD5DR9C,
UMBEJZFHE285UEV2,
SHOEBN3FFYG75P3D,
NKCEFGFURYNWH2DR,
ETHEJG7NW4M4AFCZ,
SWSE9UH4KXCHZHRJ,
CRTECN2QZ7XUGBR6,
BRAEDNX2NHZX5PKN,
BRAE73KFJGNSP2NP,
MAHEDFPZVKF79JVQ,
NKCECRQY6MGHBPQ3,
CRTECN2QYYWUXHRP,
CPCEKY4TKBYFE7PH,
TOPEA8HNSZB8VGUR,
TOPECJZ4ZDXQZB4A,
SHIE92XGJHG4HH5E,
CRTECN2QVSZXUG7X,
BRAEBBYRUSRHZD34,
IFPEE76BG92E5SVS,
CAGEBZ7UGCZZHVTE,
CAGE3GFTPMNXPZAG,
SWTEDX3KRCTNHUGY,
BBAEFKXVXVM8SYZW,
PENEGZ6RHFWHX7JX,
ETHEGFZFQT7ZCH3U,
TOPEE2FFAXQGSUZH,
CRTECN2QWAGCHYGC,
SNDEJGWQSWNHXXA3,
BHGEGTAVKNNCPUGG,
BBAEGNUNHHZEYSPD,
NKCEANMPZYMHYEA3,
RNGE88Q9FH632SHU,
SNDE7PY9TG8P7YYR,
SNDEHZQ7YZAHAZYP,
CRTECN2RDAKXQHYH,
SNDEAVZ4MSGYFBUD,
RTRDWBPC23ZAYMSE,
PCSDYQEW5ZMFBVFQ,
DREECZJBH8KGCZHT,
CAGED654SQMMADH7,
MFLEYGFH8PFBVRDG,
SHIEBWNUURZ8BWDZ,
BRAECTFYXKNAVFAN,
BRAECBVGHCB2FN49,
SHOEHX7CGSEMUENU,
CRTEB774NHSDW3DV,
VLBEGZ7SZFZBUGBZ,
BRAEGJFXGYFPGHYG,
ACCEGKG4S4B7QGGT,
BBAECKHYXGE3VJXB,
BBAEDVYSEN75YZZ7,
RTRDYZCGGJFBU6XM,
CAGEBTJBB5X8GCF8,
HLUEJQ3UVGNXSPZG,
NKCE8RB5WSWKJPFR,
BRAEDFYYKNGBGPF3,
SHIE2CAJP6XBWPU2,
SHOE2GUJW6XNFG3W,
TWCEJFXHGDSG5XZV,
NKCE9Z2JYUYZ2JZ3,
WATE54YZWYXR6Z7J,
SWTEEYFFFRWGKZR5,
NKCE6NHRGQJHWFDK,
NKCEYM3B6ZP3YSQQ,
PAEE8AHWJWMDAXZU,
RTRDZK8XCUEKZDFZ,
TOPEHZMHJHEMRDHY,
NKCE9AZMPE3PJPEW,
BRAEAR7WUYD3CZAT,
BRAEG7AYZAQBS3EH,
BRAEDQEEYYH4WRQK,
BRAE4F8NCQJFTGEZ,
MUGEACY87HUCUYCD,
BOTEDSEN9ZSFUUAQ,
WATE3GEYE8JQT7WM,
TOPEB96CYHMPMDKH,
NKCE5QGT7GFDSUZK,
VESEGZRVWZEYTVMG,
SCHE4YSTHJSYEJHJ,
KLSEGT5ZUGR9FQXE,
NKCE79CGHYMSS7GH,
JEAE8CZGJ8PGGHRQ,
SHOEC8QGWFF2VXAN,
SHIE6G75RNDQSGUQ,
SHODZ5YHTEHZTR3V,
ACCEKFVVZJMTYWPK,
DRPEHGFFGQTXK3E3,
CRGE4XJBHZGHJYGU,
NKCE9Q93F3HJYGZT,
SNDEGJFV5J8CTGJV,
SUDEHYGUMT6UGYAR,
RNGE7M92HQECSUYG,
TOPE7ZHYDE2MKNHF,
NKCEBHGBEABMWDKA,
PACE7ZNHBP4FASAQ,
NKCE7A3XXTTBHHC6,
WCKE2TFYTHBHTP5B,
BRAEDTPDZSCRZCYG,
SHOEBKEYSKS87GKG,
CAGDUGFYGG2KWWK7,
SHODZDAE6FKCC8AH,
SGLEGBV5STVHGKTD,
RTREBVK9HX8XJH2T,
PCSEAKVBGC7CJQZT,
MATEB88T7MVJGSG5,
WATDJYPXKHPPNGQK,
BRAE8QNFFGWGG5MY,
NKCDWBPZZSYWKHE9,
USGEJPQHT8YPZ7D8,
NKCEFKBYHXQ8VVF8,
SHOE4JCEZDRSHC4S,
ACCE9E2RT56M3GSU,
CRTECN2QXQGJ7JZD,
TOPEBS26V3JRYSF3,
NKCECZNMRRVZ9YWF,
CAGE75QCGVXYV78T,
WATDG9F74GYWEH4U,
BRAE3WVQPYSZ54FF,
SWSEBHCP9JC4GQKT,
MUGEBJ7XAFVH25VD,
LJGEATZRDCFAJGYZ,
BRAEBXRB8GFZ6HM6,
RNGEDAPFZWSSMHYW,
DREEHFABXP5AUZA8,
RTRDFFYGJ4GNRSHQ,
CBREFYM9TSSUHJSQ,
PBXE6EF4PSJX9WXH,
CRTEHSS9UZJZYMZD,
DRPEHYHG9YYHD2HH,
CAGE9AGR4VWWTDY4,
AVCEJCJQWBYMNPGU,
BRAE7T3WADAJU4ZS,
TPYEGGUFSKXJFYY5,
SUDEHYGU4GE9UCXJ,
FABEB2TXH4MGQC2H,
NKCE9G2BZAGKXPGY,
TOPE8H5DJWGAY2CD,
BBAEGGF3HF3ZPBVG,
ACCEC87TREZYJJPE,
DRPEHYHMEZHDYRK5,
NKCE5VAAPVP5DGMZ,
NKCEBZN92EJ7PDFH,
ACCDXFPYT58AGGAF,
MUGEGZUHX744RFEN,
RNGE8Z3KSHGCMSCP,
SHIEYZ3F3QWMYNEC,
SHOEJCZ2JNGJSPEJ,
CRTEB774RSGGQZ9U,
BRAE8AJZW5QBNWAZ,
CRTECN2QZ8CWZEFZ,
SHIE9FMZAH4U4H6Z,
CAGE68FFYRMDRF3X,
NKCE3GNVPGUYY8AZ,
PCSE4ZQ8TRUZDMEU,
PACEC89YGNYZCMC4,
NKCE9YX24KHRDNHG,
FABE88MGUBPCQWR8,
ACCEH74HAGTY6W8P,
NKCECGVARVRMARSS,
CRTECN2QZXFVEPGG,
NKCEC8AZQUFGUXGH,
SHOED6C5ZGCBKTP2,
RTRD7HN3BBE7G9YT,
ACCEA8JPDNTF7NZN,
NKCEBHGBAFBCXXYC,
PCSEC86VGEWVKHWZ,
SHOE3URGYEVZ55GD,
NKCE9PFFQHU7GTU7,
CRTECN2RCH9CG4SA,
TSHEHU5RWUGEAJFE,
PBXE92G5YEA7JAHZ,
ACCE8XUCYRB9ATHZ,
CRTECN2QWEDYMDNQ,
PTPEYCF7GZU2T54E,
SHOEC9FZ3BAF7ASF,
CAGE7DSFQGVEGHC8,
SHODUMFYWTPDYNX6,
ACCE6P3BBZD72UJ6,
NKCEFG3CHGEHMRTD,
RNGEDAKBYYVCFWZP,
TROEGZ65YHBQKG9T,
BRAEDSKCXVNYXGA6,
NKCE9ZVGMHZVTF2D,
WATDUKHHH4SQXDAK,
CAGE745BJ67RZCRR,
PCSEAKVBNSFWGBGE,
TSHEHV9TPRUBUENE,
SHOEY8RMVZV3UY3A,
TOPEGWUTW6GWYSBE,
ACCDQDYBYVQZNHCH,
MUGEBFGF6MDQGHBG,
CAGE6HHHUHFQSAPW,
RNGE7GVYAP66GRDD,
PBXE5SUCYEBBSFXJ,
BRAEBBMQZBZHCFAJ,
BRAEAC839PBQV9KF,
BRAEAW9HT2EUZD3X,
SHIE2QTSMSXF9QAH,
RTRD6FYYWFHEYJYE,
CAGEFPY9ZSFFNVAW,
ACCEGKTSGJEEVTZ4,
AIREDJCGZN2HKZHJ,
BRAEA5MZ8VZHNGGH,
CRTECN2QX53WHTKZ,
JWSEBCY4HDWGJZBT,
BRAEB2ZTVYY3UKWA,
WATDZMBRPYAYTP4G,
TOPE7WAUFEYYDXKG,
TSHE4DTF53HPYMU4,
BLAEE3YXZGWWT8UD,
RNGE7M925YCWZZRR,
BKPEGXWHXG4GZWET,
RTRE8GJUFNETVUMZ,
SWTECXPHFVTHWJF7,
SHIECKYBNNY2BNZD,
WATE7GP3JZMFEGZG,
CAGE68FFHZRTSZS5,
ACCEGYP2TMX2NUPH,
NKCE9YFBBNJ82UVB,
HMBDRUCNJSJQRRGC,
CAGE3GFTQ3UHZ4TC,
NKCDTAXF2EYZ7MP8,
LJGEYSUNTPQZG4ZG,
TOPEGF4KEGGVMSXX,
TSHECQKNFFER2ERM,
PBXE9YWGTS7NGYKT,
WATDZ5HGXEYDHBWD,
PRCDVFAFM2FPJBMZ,
PTPE2F33QGYXMHGW,
KRTEJCZ4M7FD3NJS,
NKCEAPCYFBP4UJ3V,
CAGEBTJBRFGAUQQB,
MUGEAGGKZFYBUMP9,
ACCEAZCVGGGWZGKU,
CRTECN2QVV7UJQNH,
NKCDXEGWS7VWXSEJ,
NKCDY44FMPNQHFFN,
NKCE8JXS2AAKUGGD,
RNGE88FRWWZECGGM,
BRAE7GU9K3E2PWGC,
VASEHU9W3N9RDPGZ,
PCSEC86VSX45XVZS,
NKCE49ATF8BFHDVP,
KTAEHETVCXXZRXGK,
KTAEHE9HAED4VUQB,
PACE472CMNPGQY2W,
NKCEAPCYFTHYVARD,
SHODPH4GZWVXE5RB,
BRAEB3KBY393GUHA,
BRAEB2S8RZZRXMT3,
PCSEAH5WWRYGEVGZ,
NKCEAVZ3C9CRDB6Z,
RTRDZTF9URF2UFPF,
CAGE6HYJDNZJVADS,
SWSEBHCPZGHMBKJY,
ACCDQGVSDZ92ZWGW,
NKCE4CSZUZWHUTFS,
ACCEGKFHRFGN6XZB,
BRAECGQ4GW73HJFV,
CRTECN2QXZ9ETCGB,
MUGE6A5HZUJ924WH,
BRAEE6YMK83RB9MZ,
TMLED6G5MJQGNZHS,
NKCEFGFUZURHNH6R,
NKCE7ZPRQX9SBZXN,
VANE3KUFUXF2CVHU,
NKCED6EYN4ZPK9AA,
RNGEDF5HDGKZGA3T,
ACCEAZCVVFPBJAGB,
PBXEDCSE8CHTATYY,
TOPEFYB6HRPPCD8R,
RTRDTSBQW94HJ8VT,
NKCEYGTGJ65HSJ9Y,
NKCEFFFPGEJSTBJP,
NKCDYASFYGXZESTM,
NKCE6SR4H3EHXWNA,
AUDCY8T7KPEG3ZZF,
NKCDWBPZCHZEYT7S,
NKCDYARBFFBQYKFH,
TOPEBZYTWUYMJXSG,
DRPEG3ZH7GJFFZDM,
SNDE6KNAQN3GFRQG,
WFCEHYZMGJQWVVZU,
ACCEGZ6BRBTGQWZY,
CRTECN2QXH4N9WZS,
PTPDZYCEDURXTYRF,
ARPEEMC95HMYAJNH,
SFFEGKYYDWTZTEQC,
PCSEC86VCFQYV6QG,
BCHEHYMBZQ8ABUUY,
RNGE87FCQJ9GRKWZ,
NKCE5ZHWX6Z8PBFH,
BRFEJYHNGYSX9T9D,
TOPE7ZHYQFFHPCBX,
CAGED6YFBH8NZQM8,
STREDF58JH3GQZF9,
BRAEA5MZDQKHUQCT,
MUGEBFGF6ZUHKH4C,
CRTECYY4GFDJFKBD,
WATDZRZGZAM7HDGV,
CRTEHSSCVTZ3DB72,
NKCDXZGUZKNYVXG9,
TOPEBN6MZNGGZEMY,
MUGEACY8VQRMM4FX,
NKCE5UY9HQTQ8TBG,
SCHE4ZYTVE8DY5PP,
RNGE9GWPJH9MMNWX,
CAGE8FG3CYVFG2GM,
SHIEHXZMQPC4GT6F,
ACBEHDU9Z9DGZP9Z,
BRAE6KWFPZWJ2FHH,
TSHE8CAWEGE3CUPM,
SHIE9J6PFGP9DZAH,
CAGEYFZWNCKDDXXQ,
JCKEEABZDWF9VU7N,
SOPEJ7SCRS3SKFGP,
WATE9MVXHMTCFZSP,
CRTECN2QXMXFUYRD,
RNGE96Y49HCWGUGH,
BRAE9RDQYNWZBYJF,
RTRECFHX3TDFD9SP,
BRAE59YTMB36ZVFG,
ACCEGZ6B9MYUTYST,
SHIEF8DUHZJP8MVC,
LJGEG52SCZ5WZBKZ,
SHTECN9HDECRYPF8,
CSKEH3JPF4EJVBSF,
BRAEBBYRYT9WDJRQ,
SFFEGGJYFJWAV4HV,
CBKEHGUY3GEHDSFY,
NKCE73V3DADAVHDU,
TOPEGF6QDCGCHHXY,
RNGE3YSWFWYYHNCA,
NKCE8HSQJQBPRSGY,
CAGDU9C3QVCBMQKQ,
BRAEDQDFMNC6MQZW,
SHOECB92BGNGSZGZ,
DREEAVBXKQUUVJUT,
WCKE2TFYZGPGDGGV,
CAGE9AGRUGPHV5FM,
BRAEBB6TT8GKVG8A,
CRTECN2QUCSMF4SX,
BCHEHYUKDZZPZBH2,
BRAE8JUHJB794RZY,
BRAE4DJMZCWYGDJU,
GLSEJGVBRQMYV7NE,
NKCE9Q93HRESPRBU,
NKCECATQF8ZXGXJS,
ETHEJG7NHGRFGHHK,
NKCEASCZBAEB2Y63,
ACCDSY8ERUYRYSUA,
BRAEDH76V3J4FBWQ,
HACEGPF9FJFJQU2R,
ACCEGBTPV5PPBHVD,
PCSEAH5WCDGS8YCZ,
RTRDRUZCPNJ3MTAT,
PBXE68H4WBX5AFCH,
RNGEHFDYHVSR3SMH,
DREEDR97ZHGNPWFR,
NKCE9ZGXGSETFAZU,
SWDEGU4MDSDGGJHN,
PCSE3X2TJCZGDYYZ,
MUGEACY86QBJGTZA,
CRTECN2QXC7HYKPG,
NKCDTAXFXWPKGZAN,
USGE9ZHVSVH9FVHP,
TROEHQYAHGHUEXXZ,
NKCED8SK6UNMAZST,
TUNE8XCD5NGNPDYJ,
KRTE7X8NADSVDEET,
FABE789N7XA5E9GY,
IRNEGYYU2ZVJQQ5T,
ACCEH5Z2YUKYQBFP,
FABEADKAG5XYGZHK,
BRAEDSGAUHAZHBY5,
CSKEH3JPCEGTMZFP,
SUDEGVG6YTPMYPU4,
NKCE48ZU6EAYFSCM,
SNDEDFE6QPNQRAXF,
SFFEGP24CR5VDNZC,
TOPEGGE5GRFUTGGB,
EMLEGMZRZGDARGR8,
CRTECN2QVPG3DY7K,
MUGE8VY8HZAM3ZRK,
SNDEGAJFFK2KKKRF,
BRAEDASWQDSYNUV3,
PCSDY5AHM2SEJM4K,
NKCECG6ZNH9NXFFH,
WATECE855W5YFE3H,
SHODWMHHCXTD47NQ,
CRTECN2QYCZPHYHH,
GOGEHZ5P6TWYBFXB,
TCVEHSMY2TNTCKNC,
SFFEH2FGABYNF47W,
MUGEAGGKZFD7ME7F,
TOPE7QTUGVGEFKH6,
TSHE4S26ZSFE9JTB,
MUGEGZUJBNU4Y2CH,
WATDUNJ7PGYUWDGQ,
NKCEAJKYW5CDKBEV,
PACDZUDMCHKDHGXA,
BRAE8TFHGXKFFMAQ,
NKCE87C3JAXKXZRJ,
NKCECQYZ24MSM3ZZ,
SNDECZJR6APCXEZ4,
TOPED9T3FXS8CP8M,
ECIEF7MGVGZAZMGG,
SHIE7DFNYZC6YWTT,
SUDEJFBRVYEUZUDH,
MNKEYGQMJHGZ4ZRX,
BRAE8MVUMSMBMNJS,
NKCEBBYSAJKEEQ8K,
SNDE9WZJJ8YXWU5Q,
CRTECN2QSXEHJHR5,
BRAE9TBZWWACJHJ8,
SHIE9FMP3RBSYMEV,
DREE4DF4DQYMGDJV,
NKCECZKQGZXVZ2RY,
DRPEHYHKYSXETBBJ,
LJGE9UG8WCYXPCHA,
GLSEHFUGQRHPBV8D,
TOPE954FERN5VZYH,
TOPE7JZU5WZZVYDT,
JWSECGFU8YKHTSMU,
RTREF3PRF3M9FMEF,
PTPEAT32HSGZFHVY,
TSHEHU5RQSZZHSKF,
NKCE2RPCN6RCTGDG,
ACCE45UGGC7GVAVG,
WATEBFPXFYMWJGJZ,
DRPEFZDBMRGECGZG,
TOPE2HZRFKVVTCKU,
CRTECN2QYKFNFXCZ,
PCSEC86VEVSKD5ZY,
SGLE8YSWHJAGP3WJ,
RNGE88Q9HE9RQYEM,
CRTEA7HAFUMPQNHJ,
TUNEB42QBZHYP57B,
MTYEGUA2VUJ9UDGX,
PAEE8NDKHJ7ERAPT,
SCFEHDJKTM826ZRA,
RTRDFFYGKJAXPUUG,
BRAEDQDFGYCZUFEJ,
WATDK2G2WM5XHF9S,
BRAE3P8YWVZGNYZH,
BRAEBKJSNVGDG4DP,
MUGE7DUFGUZDQMTQ,
BRAE7Y46JXZJHN47,
CRTECN2QVB7UDF2P,
CAGE76FNT9D99PZK,
MUGEAGGKHFAM4YZG,
DREECRS4EHXNA9UH,
NKCDU4RZC2AFABJV,
SNDECYHFHV7XHZNN,
DRPEHYHGSSEPB6HW,
MUGEGZUHVZ4Y85DV,
BRAEBBMQYHRSZ5JC,
NKCEAPCXCP8GZG5Y,
RNGDWKZN9DSHFHYY,
PACEB7GGJXVVDZFZ,
BRAEDQDFSDVTSSWK,
NKCDWBPZAJH88YAZ,
NKCEB774SNZGVYW3,
RNGE88FRA9DMA4UZ,
BDSEJJ6USEQZS3QA,
MUGE9HRRKMGKHMRT,
NKCEAX7HH7BFTFHF,
NKCDUYA5PQWDKMBZ,
WATEFWP4V5ZEHZZY,
BRAE8QNFXPTNHXKB,
NKCDWBPZGZJNYCCS,
BRAEDZ7TZNFQTXZA,
CSPEGNS9GZVAGRY7,
NKCE6XU6DA4HYYGN,
CRTECN2QYMHJKQ3G,
LJGEATZSESZPRQX3,
CAGEBTGHSVHHWPG6,
SOCEJZT8FMXJ8VHZ,
FLUEGKG2K93HY9TC,
SUDEHYGVDNRHYPTW,
NKCECZKQCFGWJ36A,
TOPEHZNQGZJYYJHE,
NKCECGVBWQWGZUVG,
BRAEDUXKVAPEV9G6,
RTRDYYTZSUUNFFUT,
BRAE3WVQZZUJA4JW,
PELEGHQP8GMXYF6V,
NKCE9YFCEG5FXMAH,
TOPDZGV8GUEXZNUT,
WATDZ5HGRGZG4AFT,
MUGEACY8DDWFGRUA,
RTRE7FT9VKRGNTRR,
RNGE7M9279JQH6M2,
RNGE86J7VJNYBSHZ,
TOPEHZSMJYWRYH8F,
BLAEE3YX3WETHSZD,
ACCEAZCVEKWMNSEY,
SHIEB7A6NCNJNZJD,
WATE2FAHHP3FEYG6,
TOPE9PSGHRKUCXKM,
MUGEAGGKKDAXEA36,
TOPDX9TF4PYJMX7B,
SHIE9J6PVG9ZE9M5,
TOPDZFGCFH8AMJ4B,
RNGEA9ZXDDFHAVMZ,
PLLEHQV78ZFHTE7X,
BRAEDTGQMXYVF7NB,
CRTECN2QVSZP8JDW,
KRTE5PEEG7YAGENZ,
NKCECGVBKYNJGZZQ,
RNGEDAK2KK6VXQQ5,
RTREF3PGZGTGBHT7,
MUGEYYXFNGQ6A3FP,
SLOEBHYNHETSRBXN,
ARPEGDHSXZJSHGSN,
NKCECPHGBUZPN2KU,
VSBEGBH9QBHT2MQF,
BRAEB2ZTXQQTYTEP,
PANEENEMG9NPM2QQ,
SNDEHZQ7MMN272VX,
NKCED2ZGYAP3UKJY,
PCSEC86VKYNCPSDK,
PBXEBYHYS3UXVBE5,
NKCE8ZJ2PXWJQZZX,
AIREGHYGSZKZYZBB,
HMBEE965MNXMUSFY,
HAREGG26JVZYCC8B,
JEAE2KFRBNFZFWE6,
DIAEJUCFFWRXYACA,
PCSE76X4U7MFDPUZ,
MUGEGZUHAVWFHSER,
TCVEHSMFHCPGH9QJ,
NKCEFNPJ5M9JZJR7,
PTGEGUP5KM48MRRW,
KRTECAVZHVTGR2YV,
JWSE9KZTWGWKVYYH,
PCSE95HXQE744G8Z,
DREEGZ4CUZH5CATV,
BRAEDQF7KGNJ2EEW,
PTPE4P39G9SVGHRZ,
NKCE4PZ6HYWFZUAN,
SNDEDFYPJFHXG98W,
TSHEHU5RWCQXRWF9,
CRTECN2QYVBX5Y4W,
NKCE8HVPEPWAU2HF,
PTGEGUZVM4X9XZWG,
BRAEDH76Q44DNY23,
INKEF7WMPUEH9G4V,
CRTECN2QS5JJAFVP,
SHOE2FQCE3QFC8ZM,
TOPEEEPV4GFFSHJG,
PACE43HF8JWNA2GY,
PBXEAHTCHTG62WSA,
PADEHZFJGQNSEVKC,
BRAEDQFRZAAEWCDT,
BRAEDSKCJJUEVC6B,
WATE8PBFZKV5BYDZ,
SNDEHYMXZTFRYZQV,
NKCDXYFHPJ4UNFPU,
RTRECTV9PSVC8Z9Y,
BRAEDXPFA43N8HW9,
PCSE4C9YYYYXGNFH,
MUGEACY82SGHCHYY,
CAGE7UCEDBWHWF48,
ACCEDTNRADHZ35UD,
SHOECKEYFVTA6E8S,
CRTECN2QTK6FRYHR,
NKCE7MMG7YSJCBZG,
PTPEDDXTMZKMNXHX,
ANKEGPVMFV9BJBJM,
BRAE8WPSGGK9DQHX,
KHREH26Z6GEDTYYH,
NKCE9YX4TREBP4UZ,
SHIEHYHMWMYPDFSU,
BRAE7KQVYF75XZRE,
TSHEHU5RHTSZSCAY,
PAEE8EZHZFKKYMVK,
NKCE7PZPCSNSCHWT,
CAGEBFPEVT4JFGPC,
NKCEBBYSAMV3GRMV,
PAEEAMGFHMZW72XN,
DRPEHYHNCZXNYFZH,
NKCEFAG9U4ZHRHKU,
BRAE5F3KGW3JVKJH,
JWSEBUKYNF45Q8DG,
BBAEGJFRDFNK9FCH,
SHIEBY82HGZCTH5D,
JUMEHUFGYXJYP29C,
MUGEAGGKY7DVDTYA,
SHOEBGHJZB2UKFC4,
CRTECN2QYUDAZJ8T,
WATDEWZ9UMDYPWYC,
TROEGZ8QS74W4XR8,
BRAEGJFX4ZCMZHH6,
NKCECJPCUYJZZQTR,
BLAEE6KTUAEBTDKS,
MUGEACY8TXGZFHKY,
BRAE8EHTNDJHDDAD,
NKCEBFWTTMZH9MAR,
FSEEHXHFG6KCYVVU,
WATE3YHHFFCUGZFB,
BRAEAM6PF9YRAWWQ,
DTHEHTAZPGKDZXWH,
BRAE7V2UXPZMDHQ7,
CNBEJ9EDXWN8HQUU,
TOPECYENWHHDGFCH,
BOLEHUEBRTVCGWMK,
TOPE8H5DGZH8GTDC,
PAEE8G6NHEZMBWGH,
LJGEG57E8US6WQWE,
NKCEAVVRVBGADAHE,
SHIEFZ2GJGAHATFG,
NKCDZJB8WUWBH49M,
HAREG4928QYXAP3E,
PBXEBQGM4J4AWAWF,
JGTECTXNVGH5GYM5,
SHIECPXYNJ8UHGFN,
NKCDWBPZ42YGY39Q,
WATD9H76N5WQYVGJ,
ACCEBWRHKPQCGJNF,
NKCEB2S9MFVUCSQU,
CRTECN2QVHHZ5THC,
NKCDUEHCBEY7YZV8,
SHOED5DCYU8HWRDH,
ACCDQDYBKTC6G9GH,
WATECVGYJXPGREKD,
NKCE7TZG9AG6F3YB,
PBXED6C4RKBW8SRE,
CRTECN2QXHMJ87BG,
SNDEGFJHB7XH9YPW,
NKCEAVZ3ECSBFANG,
BRAEB9ZNSUGGSFQV,
WATE9CFHPAEU3G4B,
NKCDYQ3RWGURBTAV,
BRAECRHEHYDVDRTG,
NKCED8HZ3VQRHGGF,
BKPEGUJHQSJUZBVF,
BRAECHF3WZHZBQX2,
BRAECQGS8RZDBQXM,
BRAEDNX2TYZYQQZ2,
NKCEDAN8ZMVMTDMB,
TUNEBE8ADAYHZ4PG,
BRAEDN37XKYGFKGR,
CRTECN2QYUBADBHF,
SGLEGBV6USTHRNDH,
NKCEAPCWZTGKKMGW,
NKCDSRPAFNQEXDZG,
ACCEGNVADAYPFTER,
SHOECP78YDYPYPSE,
NKCECKHZPB2JMPGF,
CAGE79CEHJZX52XS,
SHOEH4FSHEDEMVTM,
NKCE5UY9JMZP9NGF,
RNGEDAKAZXTGZNAM,
BRAE5PKZBZGYZEMH,
WATD9H76GH2CHZ48,
ELWEG4DCHBUNHUAD,
BRAEBBMQJ9ARUWCH,
MUGEACY8FADKRHPW,
SHIE53GCQDQEK7SF,
TKPEG2Z2CWU9AHXG,
TOPEGGA6H622PCDF,
RNGEFP2XDHURBWYP,
WATE5HFYAAFVDZMJ,
HLUEJQ3TART8YBKJ,
BDDEH93ZEEZY7CHM,
SHOECXPMAQXZ3QPH,
BRAE8X2ZZMYUZGGU,
CRTECN2RCWZTMS2F,
PHFEGJGHPSYKMHES,
NKCEDHHPRYYZURBG,
DSEEHETVWRX9FZDT,
TOPE7H6NJKNYWBGN,
BRAEAM5DR9NS5XPE,
BBOEGP4HM4C5WXVC,
TOPE7ZHZJY9AJM7H,
BRFEHWGA3B6YEWNG,
MUGEAGGKRHSXEGCV,
NKCE6TNZZKEGKPGA,
ACCEGH6RPWY9DHAB,
SHIEBJH8XQ2TEASA,
GLSEHFJZGQDR9Y6Q,
ACCDQDYBDNZRPMSW,
CRTECN2QVH5KUGW4,
CRTEB774JMYWBRMV,
BRAEAW9HUAWTZGSH,
BRAEGJFXJGTRFEYE,
SHIECRX5GAVFAKJ7,
PCSEC86VU9PMZYMP,
WATE8C5ZUTSGNEMF,
NKCE2W3WYQZ7TCRA,
BRAE7DRSNFESBUYT,
PBXEBSMZKB3GTTS8,
CAGE9ABAYFMUUH45,
DREE8MF7NWZUYSBV,
BRAE3WVQHJWKQZHZ,
SHTEB5MNYHJJQGBJ,
PAEE7A8QGN6WSYAG,
MUGEACY8QAHZFFXV,
AVCEJCHZ2GVMBVP2,
CAGEBTGG3AZRBFHE,
TSHEGGCKYG5GGGMU,
MUGEAGGKKZBHTBHW,
PBXE7NYSPF4FKVY6,
ARPEEMCAMGADRCGQ,
ACCEF3Z2XMEEJVWE,
SHOEFMRZZAXFQW4F,
TWTEHH2B5EZ4PK6U,
WATDXFGTMYAAZYW8,
SHIE9J6PPZ44RZDK,
NKCED6EXHFFHUFEW,
PBXE78PHEKYZRPSC,
CAYEJFYZ6B73NUMH,
BRAE8RSAHXUVA9FQ,
NKCE9W4ZNQGHCENM,
SHTEDWHGGHUZZTMZ,
NKCE7ZPRDS6PZTAA,
SWTEDVZZ92PX48ZY,
PCSEC86VZVTTBKJE,
TKPDS6ZEWH4KF3SJ,
NKCE2B57DXAZBYER,
MUGE6A5HP6TG9YCQ,
BRAEB2S8SVFDT9HA,
FABE88MH9NNKPM4H,
WBTDMEZTUWBPD5DM,
VANE8KP4GWZPNKQZ,
PCSE9R7E3AFG7F9H,
ACCE8XZMBCKRGRVS,
BAAEGHPNYQ5JMZNZ,
NKCEASCZT3V6YGJV,
TOPEYJZ7PUP4YRP3,
PCSE4VAVUPCMZZ7A,
BRAE5F3KHHPXDMUR,
CRTEJU6FJTEHSVTR,
PTPDVPFYEKTVFEZ8,
JEAEHYZRRZDZZNWT,
JWSDYFUFNYBSDY6B,
CCVEFX3XNKFEF843,
PACE66XREPHDU3NH,
SUDEGGB3E5K4UNYW,
NKCEB3ZCW2HXUSFX,
PCSEBFEH9XA3B2DF,
BRAEBCY3JXSJFNZH,
CLTEHE9GGXJKCWCV,
CAGE5QJG2PSHZA28,
BRAEFR6JZXBQ9NJK,
BRAEBCY3V4ZR8UUU,
DREE3KKW8HYZJHZY,
FABE92NVVHWSKHAX,
CBKEJ3AZYYJTEHK6,
SHIEA6YUZCDGZUCG,
SHIE9J6PYBXBYHRZ,
FABEADKA9VBM9DTM,
BRAEB2S8TG98KYGJ,
CRTECN2QX4FC2UAC,
NKCEAQPGSPXZDCSA,
NKCE5TFVHZDZTAYH,
BRAECCDUHY5DYWFW,
NKCEFFFP9THXHT7P,
DREEAVB2QKSZN4HH,
SNDEGSZD4WHWUEPU,
NKCEA5FHH53NDT9H,
NKCDU4RZYTKBTQPC,
MUGEBFGFT2CSSGVM,
PCSE2ZFDQHP9ENMD,
SHOE3TZMQHKWG7TT,
SOCEGHFY7ZZ9G48G,
SHOEJUQGNBAHYR3E,
PCSDY5AFFHEADFCS,
BRAEGJFXJR4GPU2C,
NKCE5UZHWVVB7FCU,
BRAEBBYRHPZNNP6Z,
PCSE98DZU6XXGY3C,
NKCE4PZ6UJQG9QQE,
PASEA46QFBTUGATC,
CRTECN2QZAQWXEKU,
CRTECN2QUHEXQ5BG,
CAGE9ENYESDHRAZG,
SLIEHUFGN6EAJZZV,
BRAE7KQVPZXEUTHY,
BRAE9RDPFQQHHNNE,
SHIE853ADDAHYSFQ,
PCSE9HAGHNGNRHZD,
WATE7VE24DXUPMAG,
PBXE4WZJC3ZN8NFC,
CAGE6GQCC6YG7FTD,
PCSE6SJGNDGTHPGR,
TSHEGCZTUAZAYE7G,
PCSE9YCZXDYVMBYZ,
DREEDR97RXXXSZXX,
BRAE8UZGGRVBCEHM,
PBXE5YG7JZP48WAF,
TOPE4NB7QJFGX4PV,
NKCE6SR49QBZZHMP,
ACCE8XZMFNFCDPXE,
NKCE45SJXTBHBFPX,
CRTECN2QVVZWDMVZ,
MUGECEVFM93JBPEW,
PCSECV3F9MXQZH3V,
NKCE2RPCH7YGSPX9,
SHOECVMMYCMGFZZP,
SHTEDFFJMHZWSYT2,
NKCEAZ6FBHSGCGAN,
NKCEGZZGGGDCERGH,
NKCDU4RZZAMFHSQY,
CAGED6YFXAHXJSDH,
WCTEHU6FYRC6WWCG,
WATDZ5HGFJCH2FGY,
IDMEHY86YP4NFZUG,
NKCEFERXYKGHFACG,
PBXEDDEFFMKZM3HG,
VLBEJKMQ9QZS8ZXH,
DREEG9JRZUZM5CBH,
NKCE6GJ5JHFKSM6T,
SHOEG5XHVBSU5BRW,
BOTEEWFAGTNGUQ5A,
ACCEGUY9XYXUMRDA,
CRTECN2QUBFBECYZ,
CRTECN2QSWDGMGZZ,
SHOECSWQCEZRR82X,
WATDZ5HGGUGHEZMH,
NKCED8EGPHGKRPBH,
CWDEGNNW8YCD2VHQ,
PBXE89GKDPBANA86,
ACCEA7PVQP8H27UH,
JCKEEB5YX5Q8HYBM,
CAGE8PKGVCNS7JCH,
NDNEBA9VUFJGTDEE,
BLUEJQRHM9VA48GF,
PCSE6SJGCFMBG5PU,
SHOEJP2GGGP2GGPB,
CAGE8TQ8A7TPFYZN,
TSHECHFVV3F5FHK2,
TOPE3NVYHZNAEPHA,
BDGEGEGCZ5ZDXBX9,
PCSE3YFFCYQVRNYX,
CRTECN2QW9H2NWF2,
TOPE7ZHY4ZX6VHYU,
NKCE9GY4ZH4Q4K69,
KLSEGTBP3VQPZTHF,
BRAEGGFEQRWYDHHK,
PACECF9NDZG39YPR,
SNDEGZ8XGC4BWUZF,
CRTECN2QZVM6SHSJ,
SFFEGJZHZPYSE7YD,
NKCE9YFBJMTVANBC,
BRAE9WYJXR43VESQ,
FABE7D5ZSVVRPG75,
ETHEGNMSZPZDZC6T,
CRTECN2QWRACCVZW,
CRTECN2QT6ZMHHHH,
PBXE8W55A32CHXZD,
SUDEGGAVHGYEQJAH,
NKCEAZ6FXQFHJH2Z,
NKCDYFHQAKQ62MHT,
PTPE7H5JD4MH5T4D,
SHIEBQ8W6KQHQG6J,
TKSEEB9MNUGDS9DZ,
BRAEDAGATZZKMRNY,
CPIEJCN3ASM9ZRXE,
RTRDQGV3ZTKAZTPD,
ARPEG54NHHJDT9FZ,
ACCEBUEKVFFUX2DE,
TSHEGYDYGFHGSHGY,
VLBEGZ7SBMDMYTXZ,
TOPE8ZAF4NMCGHR3,
BRAEDQEDVYJV64GV,
CRTECN2QSXKNSX8Z,
BRAE3Y4ZP6GF4JKT,
SHOEJWNPWBWCE7HQ,
SUDEGVG6PJKDGW2Z,
WATEBS5YABDG6ART,
JEAEGE8QCDDXCXFG,
JEAEGFMHRSUHCHDY,
SHOEC8QGTYTSYHRC,
NKCECZJQS73UZGX3,
CAGE8X8X5QEP5BWM,
SHIECHC2G6B7JPTP,
PTPEATF8HNUX8SGY,
NKCE8BG8ZXHRZN9G,
BRAEBG4ZBVZDWG8M,
SNDECV6YCADQHMUQ,
NKCEB98TYYUZE7BQ,
TKPEJNSQMHREJYRD,
NKCDUYA5RGAGR4PY,
CRTECN2QSQX5H4GM,
CRTECN2QVNAWZZHZ,
NKCE6SR4YVMYZMGY,
PBXEAJVRV5HNMDTR,
SFFEGF6KZ9PPM4SN,
RNGDY8PZCQHBYA8U,
PCSEAH5W7RFFGKFN,
RTRECZANMW6UAQ5A,
PCSE9R3UWEMF57RQ,
SUDEGGB4EZEJ7ZPV,
BRAEBBMQZJWQQFEE,
CRNEJB4NE9FYSGBR,
NKCDR6BHVPTCG7HA,
PTPE4JYTBXSZSZPF,
ACCEGGAF75RZUBTU,
NSTEG358AT2YQVV2,
ACCEGKXQ9ZFSWKMU,
SHOEBG6ZUGTSDGBU,
FABE92NVJWFVRWTZ,
ACCE8XZMEQ5C2MU7,
SHIE2XDXPYYGJJZN,
BRAE3RFCGHJGVJ9Y,
NKCEA5FH9ZB34DEE,
BRAECFAQXWGHUZDQ,
SNDEBG864TPNPGSE,
SHOE3MYBTPZVTGYM,
NKCECW7BGWYRZ3BP,
ACCEGGAYF5HTP4RG,
BRAE8RSAJKCPQ4WP,
ACCEGXK4RRVYHJZR,
CRTECN2QWHKJ3PBU,
DREECUW7PKBTZPRA,
PCSE6SJGZWXPQY9G,
WATDZ98SPFAQVHWR,
CRTECN2QZ2HFUHH5,
CRTECN2QS7YHAKV2,
NKCDU4RZNVATGYZZ,
TOPE7W4CTFFFDQBH,
NKCE7MMGDBM6ZYT5,
FABE92NUSYEWSG56,
NKCEFFFPZC5FFNSY,
BRAEGGER5HFB7YXT,
KTAEGFPRCCS46ZMA,
SUDEHYGUBYUKVZYJ,
SHIEHZRCHVFEEVMR,
RNGE9HEA2SSEK9ZD,
BRAE74BRYKNFVGQE,
AVCEFURSJBG924HG,
DREECZJEPZNGBSFZ,
SOCEJPT5QW94BHWE,
ECOEFYFCC2BUSBN5,
BRAEA7GBQR7ZZN4K,
TOPE5N5ACWGNUWBY,
BRAE8X2ZW4ZPDQ7A,
PELEJWHBZZHFCF4H,
PBXE6YVW4CSQGJPS,
NKCE5WSJTHTHQFUG,
PACE5VYXKSZZ8GKF,
PELEGWXGPG8UEXPN,
CAGE7CZRJ39MZ33R,
CLTEGE4SGRTVHXAW,
PCSEAH5WZB8HNWEG,
MUGECEVFKB5RER6P,
NKCE3H6BGY7BF6K9,
CAGE7CZRW6MNSUH4,
RTRDMNVFYZZBXT3G,
CAGED2W2SHVURMZH,
BRAECTFYYHAUWR3A,
BRAEAR7WUVRVUAHY,
GUAEJGQCH9BNFH2J,
MATE49ATZAJFGTHF,
NKCE8SESTHKCG7FW,
PBXE9T4SWW4HSFGJ,
TSHEHU5RY4T3XXQZ,
SHTEE72RZN4TVPUY,
NKCE8RB5Q2SERPVK,
PBXE9YWGTTTX6KVV,
NKCDWBPZTRZJTVR2,
NKCEGHR7YXJD3QVA,
SHOE3S9BYE5XWSKS,
DRPEHS7GGAEJHWGH,
TOPE7DNYTYVKXH8X,
CRLEJ6B76SJP8ZVG,
BRAE74BREFRNXRYB,
CRTEA7HABNRWRZSV,
TOPDX9TF8EH63HHG,
ACCEJ6TESY6AFW59,
CRTECN2QZZJVMK8M,
WATE3NWHWHGSECNQ,
MUGEACY8EXQKEZ8J,
SUDEGGB5XKHZ8YRV,
CRTECN2QXUGAJF8Y,
TOPE6ZCJTWVV9GRK,
BRAEAHEHDB9H3E65,
CRTECN2QVES5SGVH,
BRAEDSGAZES3SRZ8,
TOPE954F2MKDZFTF,
BRAEE6YMYDZCTFHT,
PBXEAJHVVCHEY59Y,
CAGE6FYHBF3HYBWE,
NKCE59YWGAXY6Q4B,
BRAECKHYSXQD8ZMC,
SNDEHZMFFAHHZSHZ,
TOPE9RCYS54YZNFG,
NKCEC8AZHBUEHH6Y,
NKCDYQ3REN9WJEAF,
MUGEAGGKXFT23YYH,
NKCE8HVPRWTY5JET,
PAEE8EZHYZESVZ2H,
SHIE8G24RUNDF63N,
SHIEBCQZHBFMSFMK,
TOPEBCJF2D8JB3RG,
NKCED2ZG8GMNMMSF,
CAGE75DFBFFJZZ2P,
KRTECQSZAZSPPJWZ,
NKCE3Y5PHMWUUWQ3,
WATDXFGTREYMG4ZW,
GRKEG4UWCS4SNUSG,
MUGEACY8MDQCWAGH,
WATDZ5HGZZCZXDNC,
NKCE8E6YYVEUTNGY,
JEAEGE8RGRFHFUU7,
BRAEE6YMYZ4D5YGS,
SNDE7FD6YA84VHSZ,
NKCE5HYVQV5ZKAMB,
LJGEDTGP6EVWQAJW,
SWIEHF3H7WG6VGMR,
CRTECUWZC4AEEVTQ,
ACCDXH5HDZZU8QRH,
NKCE9ABEZFFRGABC,
NKCEAVVRRGHWXTNF,
DREEYGCXYYZHDGDZ,
NKCE8RB5TUKH4USX,
NKCE96SXZGNBFP3J,
BRAE8QNFWA34HGDX,
BRAEDTNZZN4ER8JN,
BRAEAW9MTDZZZBH9,
PCSE6X3YSK6U4XMY,
SHOEBBWKYRZHMMZN,
WATDKB7JHUHHVMU9,
WATECSYFBDTEVR5V,
RNGE96Y2DCHGZ5AH,
VANED79Z5THRWD3K,
CRTECN2QWVBQNTHQ,
USGEJPPVGZNYAJE4,
CRTECN2QY8BEJVAB,
BRAEDNX2YFFFVD3A,
RNGE96Y4USHKXVCY,
TFHECYGABBG9NRZM,
WCKE2TFYRJA65QEF,
BZREBXM8BFP6HZVP,
CAGE7DSFVSZDYPFF,
SHOEGAJGGTZD6HSY,
SHOE2FQCR89ZNN8W,
TSHEGF9YZUKYJKZG,
CRTECN2QYZCRHWD5,
WCKE2TFYMTCGDBE6,
LJGEHYCBH3VEAZYN,
CAGE76HYPAMJ7WKH,
NKCECZJRGGSJS5MP,
HMBEHBANHWHNQF8B,
NKCE2V6XHV3DSGPT,
AIRE9B8EKTNR8J4B,
CAGEBTJBUKGHGBSJ,
PCSE7B6U2VYJZWSQ,
CRTECN2QX3VH7RD5,
SHIEGQEQ8X5DPEWU,
NKCE38HEJPZSGBDZ,
BRAEDQEETE3Y2CZJ,
TSHEJQ22W8XPPGGH,
CRTECN2QYTQNTVFH,
SHIEGHNCZBRTKZCR,
NKCDYQ3R3YGZZYGB,
SNDEJCWXXFWQRCJU,
BRAEGG4PJFZEHY5T,
NKCE4PZ6YXXW7SPR,
BRAEBG4ZXJNSXVNM,
ACCDYDY6PBZGPYDT,
NKCE3JRMBSUGXDK2,
LJGE9TGNDH2E4VRH,
SRTEGWKMWDED9GFW,
WATDE9NFPB9TBVSK,
SHOEJCZFDNVTB3RF,
BRAEGJFXYTH2MG98,
TWTEHH2BQ29FYNGV,
SHOEHYA2U4D2FDGE,
NKCEB774ZFTSYG2V,
SGLEGBV8VZ4QSREY,
SHOEHZMMPFYUGBGD,
RNGEJ39US9ENJXYF,
MUGEACY8F4ZAFQNJ,
PBXE6ZHNEGF3VGZW,
TLPEG6GR9HUYW3ES,
NKCECARBX85NCE3P,
MUGEAGGKNFZUGFN7,
PCSE9ZPV7HAPCFZ6,
TOPE9KJE9PVJJZZC,
CAGEBTJB5SZDNYXY,
NKCDYARBMAARKGFZ,
BRAEBHDVMHWWJ72Z,
SUDEGGBFA9UZ87PY,
ACCEABW85UJZ7BMZ,
SHOE2ZNGYDECUGNG,
NKCE9Z2J5XF5GDCP,
PTPEFS9BTD3YHNHF,
NKCDWHFQ2ZBKQHGP,
MUGEJG6SRGWSSZVS,
TOPEYHHWTQ59WEHB,
PACEC9FJHX2ZJJFM,
NKCDU4RZYJ4NC2FS,
CAGDU84G2G5AEAE5,
CRTECN2QU9XUVRDQ,
DRPE3N3WWNJHVVNN,
NKCDW898GSGZQGGY,
MUGE92Z4ZTV8UZYN,
BRAEBCY3TP8GZGQP,
NKCE8HBNYGFJDU8Q,
CLTEHE9FS4UCYDGH,
NKCE9PFFZZJ2JUTG,
SNDEGJFVJAHQCENF,
NKCE2NKZGKZ7TVUE,
SRTEHHD7AE757FTH,
RNGEDAKCZAZQTEZZ,
RTRDNGVMH2ZJZRMQ,
SHIE9FMPWV8U4RWX,
PCSEAKVBTXB6E4RF,
SCHE5Z57GMRHGXTD,
SNDEJPZMCWYT5QRW,
DREEGZ5CVEHJPDT9,
SCHE4YST2DH7X2YC,
BRAEDTPHBRK7YTYE,
LIDE4YMTRHMXGXKZ,
NKCED2ZGVXQE2UWP,
BBAEJA4VWFFEZARG,
WATE6S3AHZXW9GPK,
NKCEF9GTMZD4JZW3,
MUGEGZUMNZCKBZYS,
KRTEC89NQNYTJC9S,
MUGEAGGKWW34AFH6,
NKCE7HN9XD8UDKHF,
CAGE8X8XZCGGXQ7Z,
BRAEDSKC33TQAGG2,
PBXEBYHC4S5BQYDA,
WATDYQ938HFU8M8J,
SHOEFVT6YAKB9XTE,
BNGEB467JXH6QER6,
GLSEHFJZ2N9C3WYK,
CRTECN2R5JRYASA4,
NKCE2F5HBUPEAAPZ,
SHIEAREZZWVXUBQT,
BRAECKHYJ8HGVGHG,
VLBEGZ7SQGDFUXE7,
ETHEJG2KXFSM6SYG,
MUGEAGGKZTMNHZPF,
FABEH2JYVTGFEEFT,
SNDEA5EG9KPNG38S,
MTYEGZ5ZCWFARE5X,
TOPE8XCDBUGUZWSP,
COAEJFTZEFVYTVBG,
NKCE9YCYAJTGZFZZ,
RTRDMNVF7CQ3HAHU,
PTGEGUZNXKZ8P6Z9,
SHIE55GT4JDKEGZQ,
TOPE7H6NK6YHDAP3,
TSHDWUPNBPZZHHRD,
ACCEATGZU9QWN3XR,
TNREFBYF3NYEWX5R,
CRTECN2QYNFWAQHM,
KTAEJFR22QUF6CCX,
MUGE9HRR6HVCRPZT,
BRAEAW9KZHABYUAW,
CAGE9ABBP3NXYEMZ,
SHTEJT4DCZAKK3YW,
RTRD8FPJEQRZ6BEM,
PLWE6S4BKHB5HZD2,
NKCE6XU6NKSZPBYC,
TOPE5UZG8YEV39XC,
NKCEAPCVHF2FJTCN,
NKCEASN6V7MJ482Y,
SHIE3QDHDTF4BMK4,
SLTEGE83BPHD2N2R,
CAGE6FYK6VKUMRTT,
TOPEGGA4KWAXGTG7,
NKCE966EVHN4AM4H,
CRTECN2RTNAPQ9UC,
AVCEJCJSV7YSUEGN,
SHOEBGDMZFGMWGSD,
JCKDXPJGDX8MMGDF,
RTRDNHMRFZTR3ZPZ,
NKCEFFFPSG28KBZR,
BRAE8RSARRKPHWUY,
NKCEBFWTZCR2Z9CK,
SNDEHZKGKGHDFG57,
GOGEHYHYGRZFMC9D,
SOCEGHM6YYCTBXHS,
SNDEGQ7NBVGASKHA,
MUGEACY8Z6RG3GPV,
NKCE38HB3Y5YH3UF,
MUGEB3GZ5HYHGBQT,
SHOE6ZQFRGNTW8JX,
CRTECN2QYZBRHJZF,
WATECDDDQ7SFDD6K,
BRFEGJANHRABGE2Y,
BRAEBBYRYZBKQRKA,
SHOECUZVNVUQ8CJF,
CRTECN2QXB8H2ZMM,
BRAEA5MZF4TEZZPH,
NKCDU4RZR83PHQG7,
WATDZ5HGJEQGGB6U,
CRTECN2QZYZK9WYV,
NKCEACWN5GXUC92H,
HKHE57EHTMJCH5FT,
SHIEFFFPRTTYYF3G,
SCIEFHFUUSZZD24P,
ACCDXFZXH75VJZE8,
BRAE6Z79CG9ZH75H,
BTCEJQYNBKZNZDKS,
PBXECDBWKHNKGEGD,
NKCE53HJHUTKNGUF,
CRTECN2QYNCSMYNX,
BLAE6DPHFYECGZ68,
NKCEC9FM6ZZGB5A8,
CRTECN2QYAPXYKZM,
TMLECXEQZXPGWW7T,
SHOE8VP932WXGCZV,
MUGEGZUH2HDYY4XF,
BRAEDW63EGE5VDXG,
MFLDUKGX3Z2J5VH9,
MUGE8TQEZKAD9WVN,
ACCEAZCVS4YGWUVH,
MBPEFHRYGGHJMRYW,
TOPEDHEA9YERKGUT,
BRAEDT7SDETZENWB,
TROEHYUVAJ6NBBAE,
TOPEHZNSWYHQYGUF,
BRAEDSGAYPJFXJJ5,
BRAE8EHTYSUXSHEM,
NKCEC8ATTJB3QMGB,
CAGE7DUYKHBTPZVZ,
TOPEBKYKJZCNRNNJ,
NKCE77RVJXKGY5HH,
CRTECN2QS6YHKQ3G,
NKCE9AZM3GVSMZPT,
DREE9CPNYFZP9HRA,
NKCE7Y2Y4BFFU9A4,
SNDEDG6H5CYWWBBP,
CRTECN2QZJSZBWGH,
PTPE7V9ZRFFHG22K,
TSHEJCQ2VWZAKZJ4,
BRADM8DWKXXJDEHW,
CAGE22EFFAPMZEPE,
RNGE87FCCDJQYSQ9,
CRTECN2QZZSR4ZVH,
SFFEHUAUGA5GBTYZ,
TSHE4KACQVSBXCFC,
NKCE8NHGSHWS56FH,
ACCEGKFHWYVFNCX5,
TUNEA8UGGGDERAHT,
NKCEA5FHAKKSQCK7,
ACCDSY8ESXF9AUHY,
PBXE9YWGDQYKWXRS,
SHIEHYHHNPVZEXVZ,
NKCDX3BH8FVUZAYQ,
PCSECV3FSKC4P3P8,
NKCE6UWHJPBKGHZ5,
SFFEHVAVYGCD3HSD,
KRTEJ9GHTVHHGQHM,
USGEJPQKBNS5KDTE,
NKCE5U69CGGXVG4C,
LJGEATZSV5VGNDXW,
BRAE8JUGGJMMETKY,
WATEHYU2ZR3UTGRK,
SUDEHYGUWDBVFRMH,
SNDE5E6BCHZCC7JQ,
RNGDVJYNGRUMZJFT,
BRFECHUFKHVYUREJ,
MUGEBFGFEN9A5EGR,
SOCEGKQYHGGXAPGD,
NKCE9Z2JTCBDBXJV,
PANEJQ5AMGFJKRAF,
CRTECN2QUHKRMZSA,
TOPECBAAP9HW5VMH,
BRAE8RSAVVGKRBK9,
NKCEAX7H3Y9JBGYZ,
HRCEHF2C2XQKQZHM,
BRAE3TSHZ6VEKQUG,
STIEJPM3D8HYQRTN,
LBXEHFA5TTMBMFR8,
SHIEHGXH8GPWGWFE,
NKCEAUABWU3Z8HZ6,
SNDEGFJ2GD5GWVSH,
NKCEDCT9KKXBQTND,
PLLEHQTXADABGDSZ,
SNDE6SCTV6BCGRNV,
NKCEB7CE7G7JHQPA,
PCSE6SJGPYFYGKUQ,
LCHEGYYBWP4ECBZJ,
TLPECJY7WKHYDZT5,
TOPECJFAHFF9PB94,
SHTEDCZWARQ2HZXX,
SHIE86XAM3TUG7HA,
PELEG5D24ZAYAHUJ,
WATDYFQ559FZWRSQ,
NKCECZPZ8WCCFGRV,
CAGE9YTNZV5B3WWZ,
NKCEAGXHYGDBWMWZ,
CRTEHSS9JCJEZWCA,
CBKEJ3AZMZGTQ9F5,
PCSE55G4YBUXMBJK,
RNGEBKGHZFCSNZWZ,
CNDEGVK2ZMCGSCEQ,
ACBEHDUATE73ZUFF,
NKCE5U69RBZRVJCQ,
RNGEDAKAZRSRYN2X,
PACE5Y8Y44TKZ7RM,
MUGEACY8VKKQ6GJ4,
TOPE6QGAWN9YDQWZ,
BRAEBBYRWHYKY7CM,
BRAECA2JWQJZFHUU,
SNDEFGEAF4GRHHX8,
WATE9ZYZTKUEFFVG,
SHIE7QCY6ZQSUF6E,
WATED9T48YVSTAA5,
SHIEB85ZA9EMJ4BZ,
SHIEARR3DXE2SXRF,
TOPEGHZ6VKKVGYNR,
WATDXFGTFHHKPBNV,
SRTEGWKKZNUYX7HW,
SCREEMC7DYNN5YHF,
WTBEJ9RTQQMB9VYE,
NKCEAMDRQZKUXEYW,
BWLEHTBPHRBSDEYF,
CAGE5HVNTSEFWCW7,
SHIE55GT7F6HYXDT,
RTRD4D3EGBAYBG2C,
SHIE7MGDC6ECGFJ8,
BRAEB2S8RRCWFJST,
SNDEHZPDGAZBWJTM,
BRAE7SQFUBCGUCWT,
DREEGXZ2QN5ZKDGH,
CRTECN2QUHW9VFFT,
NKCE8VQHVG89RUY5,
BALEGFWE2Z7GTDMS,
TKPEJNDEFYSRZSXF,
SHOEHYEAJCGEP5UQ,
LTBEJGVNHVHPUZ9G,
CAGE4GF7UWGZHN7J,
NKCE4TV4VCFGY5UH,
TWCEGJZKVYZHNE6Z,
BRAEAZEFXHCKE3RG,
FABE92NVWSKPDK8W,
BRAE8UZGKMFVSG2B,
NKCDZFJMRP2XBBTK,
RTRDZ5PJTSHHXGME,
NKCE7AGZESRQGFHG,
CAGEBTJBTNGGDZQZ,
MUGE6SYU8QAKS7UH,
MUGEAGGKYUB8SYA5,
WATDJTR979TAXJJZ,
CRTECYY4ZHUZ6HNT,
SUDEHYGUXGNXBNZM,
CAGE3FX7XZGYHGRJ,
NKCDWBPZ9PWWVGN2,
NKCDXYFHNXGS6MSE,
BRAE3TSHVMCW7NDZ,
MUGE6S9YZ25CHZRN,
PCSEBDFUMFZZQDJW,
SGEEG7CR5YSTGTFT,
CRTECN2QVKZ4P6VP,
BRAEDSGBTTMMSZZM,
SHIE6ZSBGF3GZZFF,
PTPE62XBPSEHCQCR,
WATEYUZXN2DHGZ36,
SHOECK2FYYWUT4KM,
ACCEDTNRJXYZHZZW,
NKCE9336FXG94XTG,
JUMEJCDRCWWKBQSX,
WATDZ2ZQTPKQZEHG,
TKPEGRKHT4832GFE,
RTRDQZMJBWHZCXZT,
CAGE6HYJGDZQXHQD,
SHIE8VY9ZYWPUBWV,
NKCEABYZYMNATYGH,
RNGE4Z3DDZ3YAKSG,
SHOEFZXRNYJKPPYG,
RNGEAHG8GKFRK38B,
NKCEA4CAMNKWVXTG,
CRTECN2QT4YABNGQ,
SNDECYKYTBUYUEPU,
BBAEGGDCFERYAQHU,
PCSEDE6ZNWQCXWDY,
SNDEJH4DBHFK4N7B,
SHIEAW8RHVJNER3B,
SHOE9UDJKNVSDH72,
NKCECZJQSWTUUGXK,
BDSEJJCKFGYZR4GS,
ACCE8XZMKHTPSVFW,
NKCECCMFZVWGAZXP,
BRAEDUXKWHZFVQN7,
BRAE8RSADX6YHAQT,
CRTECN2QTVAGYNZ6,
SNDEFKFNCHPREWPN,
BRAE3TSHVWYHGGWH,
BRAE8WYHNGG7ZXPM,
TOPEHZNSDHHZDB4G,
CAGE773YKTNBTMMH,
BRAE2NF6S8WKV2FE,
WATDZ2ZQPXHZYQZJ,
PCSEE4H5GPSUFGGX,
CRTECN2QYG6SNGZE,
PCSEAH5WAEHFFNDZ,
TOPEDFTZPFYP7UZU,
NKCE7VKYZ8PEGCG8,
BRAEE6YMBUAGK2FH,
SHIECKYBQQNHZFZD,
PYJEGN9Q9NWSUYGB,
PBXE5ZJZY2NC256B,
PCSEAH5WEFMRTDEX,
TSHEG57TG27P9EZM,
BRAEGJFXUHYZPDWZ,
SKTEC88WSNYJKWY7,
PTPE6GZRTJJCSURV,
PACEARXTEE2R8CNT,
LJGEYGHD2YPQHQGZ,
SRTEH2FGBDJGX8FW,
NKCEGGFGCKCZS72F,
NKCE9AZMTYBWTAV3,
BRAE5PKZGX8HNT8Z,
CAGEBTGH3CHD9T4T,
HRCEHF2CCUFD778C,
DREEGSMKFEHFFYNV,
DREEADCWZ6XFZCGJ,
PCSEC86WZXZPEEZB,
SSSEHFZ34KRWYGSH,
CLDE26U5N2TSHREG,
CAGDTSJUFVMVP3XG,
BRAEBB6TWYYGKYQC,
PCSE76X4K44HZ5YY,
BRAE8TFHXNFSGZHZ,
SGLEGBV4XF6GBWZS,
CAGEBXZ4UGZU65ZV,
NKCDX3BHQDPKVJ9A,
CRTECN2QUPXANVU9,
FFLEGEXHXGFXZAXY,
NKCE7HN9F746GK2E,
ACCEAZCVU9RPHNFG,
KTAEHE9KFWXNYHFD,
CRTECN2QY2WRVENS,
NKCEFP3J2FKVYFRG,
JCKE2HWFZD5HZRE5,
BRAE2Z9VJ8B8FAD2,
FABE92PZSEPSGZFK,
WATEYAP3B7Z2BSYV,
ACCDXFAJ8NGKEQ5A,
CLDE9Y64GKDGAAUG,
NKCDU4RZRKCZWYQH,
PSIEF4ATFU6QYETN,
CLTEJ5ZZUZKHHYDK,
JEAEGBX2FBDMZK2N,
CRTECN2QTXCGYGNC,
ACCE6FZPTNC3UGSG,
PCSEE4H5KH5KUBA4,
CTTEH9FYJFQMB8M9,
BRAEBXRBXYDKYPKB,
WATDQKYFVYKGPAKA,
CRTECN2QSTZHJTKF,
CLTEJ5ZZMTBYXWZQ,
DREECRS5RGQZTYNE,
DIAEJ8FGHZ3K86JU,
WATEHZN5BG4SUKBY,
NKCECS3FSXUA56AU,
SHIEBZ7UE4BXMK98,
SMCEJV6XGQDBMGGQ,
SHOE39Q6PDKHYY2F,
BRAE3TSHYTS4FCU4,
ACCE7ZK9GP3YCHBP,
WATDWGAHG7AHMW6Y,
SHIEASFWXZ6H28UY,
BRAEDSGBPHRAHEMU,
BRAE4ZWYGGWFKUM3,
BAREGGF8NBTFWU4G,
PTLEH3D3VTGUCQBK,
BALEEZ2A4SWPXJU4,
CRTECN2QW62MTXAJ,
TOPEDTKMHEGYN2GA,
WATEHZP5RHMMCBPZ,
KRTECZHGC97Y3DGK,
ACCE6DZCJZ3M2DAT,
NKCEBUPHUZM4BRWF,
ACCDSY8EYXYYYYVK,
SHOE4HKYRFPHCJWX,
DIAEEUAM8QXHB7BD,
PELEGNSQYKKHT2ZH,
NKCECYNZ8HHZHY3N,
BKPEGUJHJFYS4FCU,
CRTECN2R6SGHFHGJ,
DREECRS4FHNBDJHY,
SHIE7BZ9XWCHEYPG,
PBXED9Q2MZEQWXCP,
CAGE5RNE4JVBXZBX,
WATDZDGRQBXTKHPW,
NKCE3Y5PSKAJSBPY,
BRAEE6KRWZZGZKHX,
NKCDYQ3RC997MHB9,
BRAEDXUVZPX2RVVP,
NKCE8JMCMGCHCYDG,
SKTDDA4YREGBZDP3,
CAGE9A68NZMEVPPE,
BRAE6NZAQBHWZNMT,
BRAEAW9HUCVYHBHE,
NKCEYM3BHZHMYT7Q,
MUGEACY8ZBCGS2ZF,
PBXECUFGDMEZWMYB,
ACCDX8ZUEWUKFHHQ,
RNGE7GVYZGVHDS2V,
RNGDTBQUJUCRDTCK,
PCSDY5AHHQSXZARH,
PBXEAZ85KCZED6ST,
NKCE8HSQEKWFAUYS,
SFFEGEZCEJRG9HVF,
JEAEGWYDZYDRGXQF,
BRAE8TFH9J4PHP2Q,
BRAEB5BUYYSV9TEQ,
AIREBB9APEFZYSFB,
SUIEHFNUU3BDCGZN,
WATE9M3RRRKZK4FD,
BRAEGJFXBGRJKXPN,
SNDEDF6WMSQJEGFN,
TSHEGG9KQHGQEZXS,
TIEEHZDEDRUH6NMB,
BRAE9C3MZZ7SKKSH,
CRTECN2QYAWB9FPE,
NKCE8T78YZYEQYDD,
RTRD7XKFDBPBR6CV,
BBCDPFZM6V585ZZE,
PCSE5VQ3FBAPKERB,
BRAEBADVVRBUXZGN,
NKCECB9KEYRV2SU2,
SHIE9GH8DZF3APB9,
BRAEBXRB322WRYZF,
RNGEDAKEZXMAXYKB,
MUGEAGGKDCJHRYBY,
NLPEJUMTYT8BP983,
BRAEARZHZF7HFYM6,
ACCE3YFFQY82H72D,
NKCE5TFVTYJC6VMW,
RNGE96Y3FNJ4TVSA,
CRTECN2QTGFWHYBY,
SNDE3SNFMHARS463,
PCSEC86VYYXG23ZB,
TKPEG6PZEBEYFB2M,
PCSEC86V2P4M3TXC,
PSRD7NKJGFMGAZQG,
SGLEJJA6TVC2KYUH,
BRAE8WYHNJ2B2ZEJ,
PBXE6P4FHJJCQZXZ,
BRAE3TSHZGWGT6WP,
WATEHZP3ZA9YT99G,
BRAEE4H4XNG34W5Q,
CRTECN2QZSZMM3YJ,
ACCDXFPFH66QGGR2,
TOPE89Q4SYQXFGXF,
NKCEBMDCUWFNR7ZC,
NKCE9AZM5ZMSFXSX,
ETHEGYSVEZSH5HUG,
CAGEBTJBAQKZUVQD,
RNGE7M92H9QHRKEX,
CAGEAFDBEJY56XSE,
HKHE5QUYGQAWURCP,
PCSE4V8HN6NGMFBH,
WATE8E8PMU6ZRZGZ,
SNDE2RXYKZZAMNGT,
ACCDXFA6DYGMS3FZ,
ACCE6DZCAGSQEW3B,
BRAEDQEDVTAKHTX7,
TOPEBYXVCYTBF6MX,
PEAEETEJMJZ75EVG,
CAGEBXX7YEQZQQ2J,
BRADM8DWS52HEGJV,
SFFEGJZQHKNFMPG6,
TOPE45NZFFUDHKZR,
PCSDY5AFQE42NNTK,
NKCEANMPRRRUSPZE,
SNDEFV8ZSKGTFAAC,
NKCE88AHMVQHFZHU,
CAGE6FYKGSNJWBG8,
BRAE9WYKVTCZYNUB,
CAGE7CZR6ZD9RT3K,
CAGE22EEX2HKGXFQ,
JCKEG4AKNM3HP3MG,
CRTEA7HANRC9HYK3,
MPLEJEG8SDGZ4GGP,
ACCDX8ZTH89YR2ZF,
CMTEJQYQEU2GBD2V,
TOPEYY5YQGGRWGGZ,
TOPEG3ZFYPPG9HZM,
NKCEYTXEPHXSXDKM,
ACCE6TJTBHE6YHDJ,
SUDEHYGUSSZGDBRQ,
PCSEAH5W6GBGTD9Z,
ACBECFGT74DBRJRT,
PBXE8WPTPZSCW8UP,
NKCEC86VG3DP9ZGQ,
NKCDYRHGGJUVZ7WC,
TOPECUYTF7XTXND3,
ACCEGF6WWRAUMRPT,
MUGEBFGF4ZDPGTZZ,
MUGEB7J7GPWUH6Q5,
NKCE7MBRTAZB2DB5,
BRAE8VUUYMWAYSCK,
BRAE5F3KHPGUMPCW,
NKCE69P8JR2ENBAG,
MUGEBJ7XHN9UYUH9,
SNDEGGQ2QZ2HMFYB,
BRAE7YF6E3PH9JGW,
NKCDYPDSFAFRAQ9T,
NKCEBZNZXXAKBVMW,
SGLEJFM3XXXGKXDA,
SHOEJGFU7RXZXFEM,
BRAE9G83CUBM56TA,
PBXE9GF9XZTGMCRG,
SHIEFFFPVBQK6GBH,
CRTECN2QZ3XEUPTT,
MUGEACY8NCCXXWJZ,
BATEGR3ZHKPGMHXD,
NKCEA4CAU4WH8RKF,
ECOEH4BXGVMBYEMG,
SHIEBFXDQYHQAUQF,
BRAEFR6J5FJ4FUZY,
NKCEAPCVJKG8J283,
NKCE4VA4M2ZKZGUY,
TSHEGZKMZYGHZPRV,
TOPEBWGFN8MFKKKE,
PCSEAH5WHJCJWVQE,
BRAE6AV3FZNGNTXH,
TUNEB7FU74F3UGVH,
RNGE7M92BFXHH5VT,
CRTECN2QYSAMMGRW,
PCSE4TF4DYGDKZCT,
BRAEE6YMRVXF3HNV,
BRAEBCY3WXYZEGBU,
JWSE6GH6HKQFXTTD,
HSAEH6FCCGM7HKUQ,
BRAEBBYRCKVHHG7Q,
SHOEAPT3RUN6RAJ2,
CAGE9ABAGXS3WZDB,
RNGE65FGMRNRDSNH,
CAGE22EETSQPZKZA,
PCSEDPHM4G7WAYBA,
RTRE2TYNWTGTPE8D,
PTSE4ZHEZTF7UYNK,
SCHE7YGX8SSZCHA2,
WATE6S3AZNHMPTJA,
SHIEY6KFSWWZVUVT,
CRTEA7HAC5HFBYGY,
SHOECK2F25ZZS6GG,
SHIEHZSPHYJF494X,
BRAE77MQQGG9VQVK,
BRAEBHDVYFH5AWYH,
CAGE5GE5YRY2YNDV,
BEOEGXRWE4NDBJNV,
RTRDNGVMCGNCTWUU,
GOGEHZ5P5XDZ2UZF,
SHIE7MGDAS5B4JEY,
CTTEH9FUH3GKT3TF,
TMLECXEQ9PJUZGTY,
PELEGNVBZXXXKDNZ,
SHOEFSE2WAFKZFHX,
TSHEHU5RBAFXVFHK,
FSEEHAGGGFHQJKWB,
SWSEDXEYKZKKEMSC,
NKCE2MBFEMAJTEBD,
WATE8GDGPNKRTURP,
WATEB2FZUMQU4W7R,
BRAE4YXVJ86CZF6F,
KECEGTXHVYW47ZZD,
PCSEAKVBYGBZXKNS,
NKCE5QSZPBG9THXZ,
NKCE6SR4GUG326DS,
CAGE9ABAFWTJFGVY,
SHIE4T77GMCNHFBC,
PBXEACG2FBGPQKWG,
BRAEDSKC3YRYJZCR,
PBXEAGTNVHGQT75S,
TOPEBTGCPSWPYGRM,
ACCDQDYBQZPEEXTY,
WATEBSZUTGAQBCFN,
CAGE9ZGYNRZCKNEF,
SWTEFZCKAC4MABVZ,
RNGE87FCF5VXWTKH,
LJGEG57EHMYZQDZU,
SHOE6VH5FY6TXG62,
CBREGH79HVGFZQYW,
ACCDWGG3HSCGUN9V,
PTGEGUPYWSZFTDCB,
SHIEERWHHPMWHPWB,
SOCEGGZ8MHX79YGA,
NKCECQYZXR4K76BH,
WCKE2TFYGMCEPV5G,
JEAEG7CFYNZDJEVD,
TOPECY77GYMZDRGX,
RNGE5GSJTGW5V9CQ,
NKCE49ATDNH39ZYR,
WATDSV3UMUNAXURA,
BRAEDFYYZUQJBTEH,
JEAEGF6NVGBFHSHH,
NKCDSCF3GCSWCNMP,
ACBEHDUBQHXTPAVK,
NKCDSCF369WABYU2,
BRAEB2ZTUJJFFQTE,
BRAEDQFRTQFYPJ2Y,
TOPE8Y6THTGRDF9D,
TOPECAE3JJMVYJFF,
NKCE5DGMUGHTVMW5,
BBAE9ZSFDZ5JEFGA,
NKCEYYX9FZWBEGQF,
TSHEGHHU6C28JJUH,
MNGEJHG7AVRHC8VF,
CRTECN2QYV9WPJUC,
AIRE98PZQXREURYP,
BRAECFARH6PZ4J4W,
SRTEHXSHU8DXFRYM,
RNGE7GVYGYRGX5VT,
TSHEEDY3HY3Y2HAM,
ACCE5HSSFHVYZFGH,
KRTEBKQJFWMZHRRF,
NKCEC8AC6XFX5NGF,
RTRDGGQ754BDWH7U,
BLAEEH2ZH8PNRD6M,
NKCEAGXHHF2ZFZEZ,
PBXEBKWJEADHCZVN,
ACCEGZ66PXG5AHHJ,
RNGEH4G46M4DTFSM,
KLSEGUGFRDBSSEDM,
NKCE7KY4YRMECRVN,
NKCE6ADEKEGUHPCP,
BRAEDSGQ92HDFACZ,
WATEHZZXEGZEZZBQ,
NKCE7MMG4PWWHFM7,
NKCE9Q93GVK3B8MZ,
SFFEGZBWFGFTGYY9,
ACCEHR4HMGHFRQAC,
NKCE2RPCBRZFJZZM,
CRTECUWZXMV2YZ9G,
RNGE9GWQJSAAFF48,
WATDXFGTP3FEMGEH,
TOPE5WX3KMNXGUGM,
CRTECN2QZFVWZMTY,
WATE26J7Z9MEZZKH,
NKCE5EF4H8C5MCGD,
TWTEHH2BCWXHVTHF,
MATEHF3PGYP4ZDPB,
PCSEAKVBHWNWCHGU,
NKCDRDWASY2HY4V8,
PCSEAH5WDKWZZ2AU,
SKIEG6VFMGKXVBDQ,
TMKEGWTM9RBGGFM4,
TOPEHFGNNEE2ZGBU,
WATDYFQ5UHW3SK4N,
NKCDU4RZDXGZHGGA,
RTRDVFAPZMNA8CHC,
MUGEBFGY3HVWBKY4,
ACCEGYPF35GBXNGB,
CAGED6GK44DCXKZM,
NKCE88AHRCD7KNQT,
BRAE6ZCHAQFRYMQY,
CRTECN2QUZSRCEN4,
PTPE7JZCBGGKPSGS,
WATEHXGUJCYK88TF,
SHOEDP7ZGYFKGWNH,
DRPEHYHMFE6G3XZG,
WATE2FAHSMPK4TPR,
NKCE9ZGXYYRZTXZS,
NKCEANMPGYRNMZJP,
BRAE2NF6XGU42KGQ,
SHOEFPMKKVP2SVZD,
WATEHYHPZSDEGFBT,
ACCEAZCVBHKKDVMZ,
SHIE4THTCWNHTZXM,
BRAEBXRBCCJAF72G,
WATEHZZSSCU4YXYG,
VLBEHHW6ZWDUZNAJ,
KTAEHE9KFCMVVSBN,
SNDE9HRW9ZVPG9A6,
PCSE4A2ZBHGAVCDF,
SHOE4UC3MJZF3VFJ,
JWSE9CZDPATTCRX7,
TOPE8YMASZEUXPRY,
ACCE8WYMVWNXBBAH,
JWSEBCY4HHXYGZJG,
NKCEDFNHMTWNTVHA,
TOPEHZNZ9YZYYAPU,
RNGEDAK2HFRD72HE,
SLIEGXZYZTTSZD9C,
NKCEDCT9X6VHCF37,
PTPEAT32YEZ7G4BB,
CAGDU85YYWZHHNGT,
BRAEGJFX7PSVECHP,
BRAEBG4DCHJMRYZZ,
RNGE864HQQUYJQHB,
PCSEC86VHTYFJHUW,
SHOEBYZGZ682N4K2,
BRAEDX66GWPY6KJ9,
TOPDXQWEF87REHYJ,
NKCECZG4URZY9DZ5,
TKPEH9F5BQTQAMSC,
WATDZ5HGF5UXGZVG,
BRAEBBYRYTEEDDA9,
NKCEAFM7PNFKNZSH,
TOPE3NVYKBXFRYSG,
NKCECGVAMX6ZGEVH,
DREEBAQ9YMYF2Y3N,
MUGEACY8EVX5VAMD,
CRTECN2QSZFWPZFY,
WATEYAP3GD6VYR5U,
RNCEGE7HZZRPMSRF,
ACCDQDYBNKEVMMCU,
PCSDY5AFFB4EXAX6,
NKCE9G2BHRUF9TWB,
BRAE8TFHZJ6A2FFZ,
CSOE7JP6ZHUG9HZR,
JEAEHYZMPCBH3HCZ,
FABEAJUHKKTRCNQX,
JEAEGFMQSBYX5M4A,
NKCE9YFCMXP7QXRN,
NKCE9TBYPBNJYZRS,
ACCEDNXYRZWBPFDF,
SHOEHXFAMFH3PDHY,
PACEB2XUZJWEY8BH,
NKCE6XU6USJZXSB8,
SWSEHTRZKX3HZCMJ,
PCSEC86V2Q6P7PAB,
NKCE6GJ5GD7KR8KZ,
CRTECN2QUAQVZREG,
CPCEJCCPYGHSTWTF,
NKCEBBEYX8NWRXHA,
BRAEBBMQWK9K65UU,
CPCEH2BTGUYS5XJB,
WATE3FAXGFHMASYX,
NKCEB98T6AZZCH8H,
RNGE7M92NWJJEHDD,
RNGE8URWFPRT4QZ3,
DREEFFG5PA6AVFH9,
DREEGNWGSHTUKCZM,
LJGEJ3G6J6Y4UUH8,
NKCECZFZNVGGSVBT,
ACCEGZ6BDHTWARMS,
TOPEDFACGQGAAAST,
NKCDU4RZCR2FGCCU,
SHIEBQF6VHTX2HYZ,
PCSE9Q6VCVMWRAPN,
PBXE9A6DECDDMJHH,
SFFEG7FXSSCPUMFQ,
NKCEDCT9Y2YDXE7H,
NKCEBMDCG3PEZTHX,
CAGE53FSJHRA3SKZ,
SNDEE5FM7FEKDRKR,
CRTECN2QWM2RYWZ6,
CPCEJMKVMKTJ3WHM,
RNGEDAPTVZZTHMY4,
TWTEHH2BXEHVZD7E,
SHOEGAJFAU2N5RUR,
TROEJF3VVVJHAGBJ,
BRAECKHYM8BYAKHR,
NKCEBGJZEMQ4FK2F,
SHIE93F2DYWFVQNG,
ACCEAZCVJZFACTYS,
CAGE4BQYUXBFXZVF,
CPCEJMM7HWCNNGBR,
NKCEAVZ3KGJFW6FS,
CCVE3Q2TBZRQYZSZ,
TFHECYGAREJ2ACWS,
CRTECN2QTH5UTZFQ,
NKCECXEAF6GMGJTF,
CRTECN2RFMUGEFRZ,
NKCE8HVPHGWPPMQJ,
MDYEHDH9HMZPANGJ,
NKCEBFWTSPVWSGXF,
SKIEG49YYDQ2QDKM,
NKCECZMAXJZH6XJY,
WRSEGHG9XGHVRSJR,
NKCE9G2BYZGJGASJ,
HRCEGVM3ENRZXEPB,
NKCEBGPNHGQFQWSU,
NKCE9YFBD4MBHHWZ,
CAGE4Y4FZ7H9JZTB,
MUGEGZUNY75RZUNG,
KRTE5RNER2AGFGCV,
CDSEG6ANKKXHFEVX,
SGLEGBV6ZYCNDR8F,
CRTECN2QXZCWFWHR,
ACCEAZCVWMCUN6MZ,
KTAEHE9K8CQJMQCV,
PBXEACG29J4ZFS5Y,
PTLEHK3XF6HH8ENC,
RTRD3849TERR75YB,
BOTEEMN6NM57HSBU,
PBXEB34ZWNXHWUGV,
NKCE38HCHH7XVHZ7,
WATECGG4W76YEBUB,
KTAEGX2WM2MBUSHJ,
CRTECN2QZZACHGYQ,
RNGDVVYB6RGSAWRZ,
TSHEHU5RKERGP5SG,
MUGE8S9KB8DUER6P,
BDGEGEGDXYHYAJQN,
BRAEAZEFXGVCTJJN,
ACCDQDYBZEQG6HPZ,
CAGE6FYKT4NSENUS,
LBXEHYZYWMMQA6HT,
SHTEDWTVCEUBHNJN,
RAQDCNWAGART9UVZ,
SRTEGYXHGCTXUBD2,
NKCDYRHGDS3PFHWZ,
RNGE86J7FRTSQWCR,
CRTEA7HARUAWC7VG,
PCSE4SFFZWMNJCAG,
KRTECQSNY3GFESAZ,
CRTECN2QU6HG98UZ,
CTPEGGFSTGPEZEUZ,
BRAECKHXH8BU3HBY,
BRAEE6YMMWFFJNB9,
JUMEJB3YYZM5HSPR,
SHODYGFWEWCG6S88,
SNDEDKKXMX8ZGVQR,
PTPEY6JZGMWZF8H3,
TOPEH3KTNUUZHJEZ,
VPAEHT6TNFR6FWTQ,
CAGDUNH36EAX85G8,
ACBECFGT5ZWMXAVZ,
NKCE4CSZWA3EAF7G,
BRAE5RZ6UGSFD9HE,
MUGEB7J7SPWJTRDC,
PTPEFMKUTCGZB5G5,
CAIEGP4YSZ4GNUV4,
NKCDWBPZGZW7X3MH,
SWSEH99SSMHCNFQ9,
SPWEJ8JHFG9PTDUF,
HMBE7G34Z5CGHWYV,
CAGDTN27DEWJYUHK,
SHOEYVXVYAVXACCW,
MUGEACY8CDCZTUMD,
ACCEJR2FXPFFX5H3,
NKCE5MEFYG3PUGXK,
ACCEGZ66Z3SSJEGS,
OTYEHQ3FPHGKV36X,
RNGEDAK8ZDN2J4FC,
DREE74XGZFU3T8TH,
CAGE6GQCCDSWABFT,
SNDEDGBMM8UGED7W,
NKCEDCT93M9UCFF4,
BRAEBYMGFCDFCEJX,
CRTECN2QTARWPXSU,
PBXEDDEFV2FSNH4S,
VESEGZRRFGMV9JRD,
BBAEBSGBZHAAQNSZ,
NKCEAFA9TT2YCXGF,
ACCEGYP2U9GYXRBX,
NKCEYUVRC28U5CEK,
SHIE9HH3AFF2GXZD,
NKCE73V3N6ZSSGKT,
ETHEJG9FWZ7NZ3GK,
CRTECN2QWA68UMF7,
DRPEHYHKJX3VJS4H,
NKCECFGDJGFGXYK3,
KTAEHETWZZ5KEAT9,
CAGEBTJBTZ9HK4AU,
NKCECKHYH64EPAVZ,
NKCE9PFFUGQPHF3C,
BRAEDSGQVKFWUWVQ,
ACCE8XZMD6J8HBY3,
MUGEAGGKUQE2HYPZ,
NKCE6GKJTFMH5P4N,
NKCE9PFFZCSSMMYC,
NKCE9G2BZYKFA4UQ,
BRAE6ZCKBUYE9PTV,
DREE4DF4AD9ZZHEX,
NKCEAY3RNC2QTZXR,
RTRDRDPR9JHCSBGH,
PCSE4FKCZ23EPQFS,
PBXEBJ4N3HJZ7R3G,
LJGEJQ4MHZZTHGPQ,
DRPEHYHGNAF5UYUQ,
BRAECVGYZGZT5VU5,
NKCE7MMGPQTPZZ4H,
TOPEYZ3FCMTYGPVF,
CAGDU85YG8UZE7MX,
BRAE3TSHZWSBH2UD,
RTRD6FYY7B26SHXC,
WATDGFAQCFCVSJPA,
TSHEHU5RZMHH3AHV,
HMBE7G33NPATJGH5,
BRAE9RDQHWKAKP3V,
BRAECTFYJJNYCY3X,
PBXEC8ASYZ7YS7EZ,
TOPE45NZKEMCDZXX,
SHOE2FQCMD3TAYMF,
BRAECZZTSHGQZXDB,
NKCE9PFFKH97YNZH,
NKCECGT3NM7QF8WE,
CRTECYY4GWBEETBG,
NKCEC8ANGCPBJRZ8,
BRAE8JUGDZBU9VR7,
NKCEBUPHRGF95VC7,
CAGE68FFZ2ZWZVHQ,
WATE2FAH5NM8VY5A,
SHIEHXZEFKZK3FSS,
BRAE6YVWZ6KH2ZBQ,
NKCEF9GTBBTUSVTS,
BRAE3TSHYRVTD8GA,
TOPE4VR5DXAHVAG8,
NKCE5YA94NVQ6TQ2,
TWCEJFXHKFKVGPV7,
SHOEAVPFUVHJJRHT,
RAQDEHGUB5VZTC8H,
SHIEBZB4D4GDYYRS,
NKCDY44FCVDHFMHM,
AIREFFFUHNZVZQVR,
BRAECKHYRHKCKCKK,
RTRDZBJ5GRMDUZ8H,
RTREBTANEFURUPYE,
NKCE7ZNGGKGZKEYG,
NKCEAKKRNRCZZDV3,
FABE92NVEAZSZ5ZP,
NKCE9QTMY3BFZCQD,
LJGE9TGN9YHYZEEF,
WATDNJVHHKXKVRGF,
CSPEF6X75KQDJNF2,
NKCE4VA49YHSX6KW,
POSEJUA75X5VGPAJ,
PBXEA92SYTPCDYMB,
NKCE3KVS9DFHXFPH,
MUGEBFGY49MKHHRT,
HACEGPF9FDKV3EPK,
TUNE6BCYWTRKGGKA,
PCSEB3FAUUWKEPEF,
NKCDU4RZ2GGYUJGM,
TOPE8N3AF8HQ4GYA,
PBXEAFRYZSFHZ2CP,
CAGE9ABAQS8WKHHY,
CRTEJUA3CYHVYNHD,
PCSE4V8GWTGYMVFY,
VASEG3YYGEKHXWN6,
JEAEGGED6PZQCGTQ,
SNDECRS4R3DV9QXU,
PBXDT4FTQGZGVCNC,
BRAE6AV3ZZQHKDCN,
CAGE8PKGBKNCYKJK,
CSOE2V29ZTH5A3QU,
BRAEAW9HSZNM5URR,
BBAEGGYMPH6QYBFF,
WATEHYVPGMHURTKG,
PCSDY5AFGFAQNCY9,
JCKEEAEZMGBEXQFK,
WATEYAP3S3TD5EMR,
SHIE8M9PWUF5H4SF,
LPBEJGFEZNV23SVG,
PTPDXN7BGMQBZUTA,
PAEE7ZWAGCXEKY8B,
CRTECN2QZHEJ6WJC,
FABE92NVZGEQ4HY8,
RNGEDAKEG2DV5Y5D,
JEAEGEFMHBQGU5NF,
NKCEAY3RKEPGNWWV,
BRAECKHYUPMRFRTZ,
PELEGTPGEMCWUGS8,
LINEAVE2XKZNANN3,
RTRDNGVMAKRQKH7Y,
NKCEFG3D8UWFGKGE,
CRTECN2QVUET9PQ8,
JWSE346HBDCSUGR6,
BRAEA2E7XHZHG2AG,
PTPE2SSXSTFH6HYY,
BLBEJR22ZT2WUKBZ,
MUGEBFGFRPNWGQTD,
PCSEDP3UF6EYPZZX,
ACCEGUY72CYWXAEW,
MUGEACY8HGXBNPB7,
NKCE5VAAU2Y7ZW2Q,
NKCED53EQTZ6R4WQ,
PCSDY5AFPWQBABVU,
WTDEDGHHGDEPSSRR,
SHOEHEP5EWSGZ7XA,
RTRECEYMHGP3JXFV,
PSUEJA2HRBPYHA6K,
TSHEDF3HADCJKGWD,
NKCECGT3BZDXZ3ZH,
SNDE85CH2PN36BUZ,
SHOEFVT74G5BYHDY,
RTRDA4U7UE3Z7UMB,
NKCED6EXGZZKTGD7,
PCSEAHJCVPRUPVHX,
NKCDZFFRZEEMHAFJ,
CRTECN2QVVTNPXXN,
NKCDSCF3HNMXRCF4,
NKCE8JXSHFBBQDKY,
SHOEF9G8CVWHRH5M,
CAGE2MACSYZCWHFG,
TSHEJT2R2XQJN8D7,
PCSE6SJGQCXQGC6G,
PLLEHQUGEB6D5FCX,
RNGE7W8T7MYQQEFR,
NKCE96SXDYMGSFBR,
BRAE3TSHYGDRV2UC,
FABEJX2NHNKCYHKA,
BEMEGFHSMHZYNZB8,
WCKE2TFF4ZYGXUMH,
BRAEDZ9GVZHWZ5BG,
RNGEH3F2FAPU3TAG,
CRTECN2QTPZCMCQD,
HACEJQ7HRGNBYCEH,
CRTECN2QZMHEU2J3,
DKOEAWE2SCYPC5AW,
ARPEE3YX9Z4QGJ86,
JCKEJNH2AZGKWGZC,
BRFEFY5BN9VHU27H,
BRAECKHZWAGBVZXH,
NKCE9HF3TENMYXZY,
PCSE4SFFJSWJZVH4,
NKCEBHGBFEVC2ABB,
MUGE7DUFEC3VUZMF,
GRKEG4UVAZTGYWRB,
TOPE4ZKTSBAEXGFR,
PBXEAP3SWFZRHZ6G,
NKCEB5BVMYFMHAQH,
NKCE3HG8FDBHK5GX,
SHIE8WYNYRHSFCRR,
NKCDSCF3QD5EGFJ2,
TKPEG27A7Z6JWK6Y,
CAGEYFZW7F56GWZP,
FCTEJXGUNGMHANE2,
SHIECYFWJWCCHHQS,
RTRD6FYYUQZJBY6F,
PACEB2XNEBZTJZZG,
SHOE2GUHSZRGGZYY,
ACCED55XRZT9N2HH,
TOPEGVHJECVFBRMF,
DRPEHYHN3MYJDGGM,
RNGDXNG3HGFQXGAH,
SHIED9AKUTQZQ5ZK,
CRTECN2QST3Z947Z,
RNGDWKZMKNTUBPSF,
DREEJY2NVHFG6GCB,
SHTE37DQJWSQ4VGH,
NKCE9ABEYD53HSVG,
JEAEHUHKMA8EGUUU,
SNDEHZPDGB2ZT8ZY,
CLTEGMUMJTPY4RMG,
BBAEGJFQZTGFHJHD,
TOPEEERRTBB77BXA,
NKCDWBPZQANZRF5M,
PCSECV3FSSB22FGE,
NKCE6WR3ZWHWKEPQ,
MUGEAGGKQM37W42E,
SGLEGBV4QFHTNHE2,
LFHDQAZP4FHGGZEM,
CLTEJQ8FTCZAEPNG,
NKCE6XU6DAWYHWQP,
TOPEBN32XAZ62CTR,
NKCEANMPATURDMHV,
PCSE6X3YCSZEG67R,
BRAE4DHZDPMTFZHC,
HAREGG26GDJWFYMF,
BRAE3TSHWZREUJAC,
USGEJPQHZHYZQHBU,
WSCEJTDHY9UHKP5K,
SHKEGNS9TWHJAN6Q,
SHIE3FHYRRQGFFXN,
SCHE4YSTYDQBDYQF,
SHIEFFFPDETWTWZR,
ACCEAZCVPTGEGVMR,
SGLEGBV7VGZM7BFR,
CAGE7BZ56MVQGKAB,
NKCECG6ZH5MJT4B9,
RTRDZBJ5FZSU4AYZ,
TROEG3VYGVSB9F5H,
SHOEHXFAM2NDZBHW,
BRAEBBMQY9VZRC7G,
PYJEH93NGYCXNNFK,
SHIE6ZSBHCNYY2CP,
TSHE4DNGUCMVXYUH,
CLTEHE9FD2APDRWQ,
SHOE6ZVUSR95HF6P,
SHIEGPXGZTK5B3GT,
CAGE2XC2HFSSQNSM,
SHOE2ZNGUCA4DHHP,
CRTECN2QXHEYVVTX,
CAGDSNMD7GV2GYMH,
SHIEC8ATXGYEJ4GD,
CRTECN2QYASYFKGS,
CRTEA7HAHHCSHCEM,
WATEA2H8FTBKZGGG,
TOPE7T4YMXRK5BVG,
NKCEAKKRTHT8RNC8,
NKCE9HF37STYM5KA,
SNDEG6GXFS5RYFGK,
ACCEGZ65AEVGSGZ7,
SRTEH2FVVKRBAXHB,
NKCE5QSZ6FQSNBDF,
SWIEHF3EF5PZAZUY,
RNCEGBGW9PYRXNZY,
BRAEDSHQ6X5YYX6N,
SNDEHZHVMR3XPBST,
ACCDX8ZVV2RCNYCY,
SKIE83ADUJ28U8ET,
ACCEJ6TEHCH7MCQ3,
CBKEJ3ANRFJUM4TM,
RNGEDAKBVC9TKFHZ,
MUGEACY82GPXUBAC,
RTRE4VNCJZ3UPGQZ,
MATE49ATDVVEEEAN,
NKCEAVZ3EDVJNXMT,
PCSEBXFVZSYJKRCS,
TSHEBSF9NBDWJXZW,
CRTEA7HAQQCGTPFU,
CAGE3FX7HWMQAPCG,
NKCE9PFF3WZAZZXG,
RNGE3YSW9ZUZWYQA,
PBXECWKZHWRCZZPJ,
ACCDXFA5QFCZZ4WZ,
NKCECYNZGHYQEFHY,
WATEBYZGCFGUP9HG,
PELEGPF7UHM3WUE8,
MUGE9HRRWZBDVHZ6,
PELEG5CSGWYFCFNQ,
PBXEBQGMBP2VJTSQ,
PTPE4JYTPVYZ8ADY,
SHIE9J6PYVBW5ATG,
ACCE5UKY6UXGVT9P,
CRTECYY4DCRARYG9,
SNDE8VY9K2JGMJJZ,
CAGE225HGFQ4VSSK,
SHIE7PD3EF2NCGBY,
BOTEHZDGPGFHVQWJ,
NKCE7MMGJSVN3J2W,
ACBECFGTRZCFBJZJ,
WATECYMJPRYH8D3E,
DREECDCRPFKFH6EH,
CRTECN2QVZFZWKQS,
CTTEH9FTTMQQHD9V,
TSHEE4WNPAZGNG97,
CRTECN2QVS6GJZHS,
SHOEHYEXVYZRGMGJ,
SHIE9FMPQBGXGTTH,
CRTECN2QXRVZAMUH,
MNKDZKF6WYMMF2M5,
RTRE63NMMRZ8MUJT,
NKCEA8US7TNGUJPE,
CPLEHB7C7QYBDMTV,
NKCEANMPCSWGRBH5,
NKCE8NDJ76XBRZ2H,
LJGE9YJHTJZCQ5VP,
JUMEHGYX4SXZB5K4,
TOPE7QTUPGHXCBGZ,
JEAEGE5F2DTDJKCZ,
ACBEAWCZBU7RZGGJ,
PBXEACG2NG3RZZAF,
PCSECYY4ZSXXVKFD,
SHIEBBWHC4YGH5GY,
NKCED7FPT2YG2GGS,
BRAE9C3HQTDHK7HA,
SHIE7ZWAT8HEHBZX,
WATE8H957FY57WCH,
TOPEHZNPUWSFVHKM,
ACCE7B8NZXHA5ZV9,
CRTECN2QVBDPEQQ2,
HACEGPF9EMXPSEJU,
CAGED4CHGZGWRKEB,
SOCEGHM6JKRDJY33,
BRAE6ZCHDGWRDHCW,
MUGEAGGKFYCFTBUJ,
NKCE7MMGKZPBQQS2,
PBXEBQGMSHJDXHKW,
WADECHFGPKW3DHDX,
SHOEG7NXNBF9PPJV,
SRTEH2FVUHAAVH9X,
WATEYAP3WGHZZ3FA,
DREEAM8QTHGSDYJV,
PBXEA4F5VFXHSCY8,
SHIECYFWYYZHU6NR,
DRPEHYHJQNGXBZNU,
MNKE75M6XXECTDK6,
WATE9ZYZRREUHQN4,
WCKEGM8FGU9ZT8QG,
NKCE9PFF3GCQYWHR,
BRAE9Y5V963WTTNW,
CRTECN2QWTEBGJAJ,
PBXE4RB3HNFDXGGN,
PACDZTD7YB2EUMYE,
KRTEJNFUHUUXGPZT,
RNGE87FCDRS5ZFGG,
NKCE5H4XW2PH6KFH,
CAGE44J5NGQHXMHF,
BRAE3TSHZRMGEHDM,
NKCEANMPKCEZADTJ,
LJGEJPFEVY9GXNGG,
BRAEDSGQVSTGKAYQ,
HMBEJCMHXNY6SVVY,
TOPEYQHGTHDHSJNM,
TOPED9T33BGVTQZS,
WATECDB6HPXBVXCF,
BRAECPQ5HFH5NFAK,
ACCEGKXQ8XFPHC9T,
CNDEGP52ABJZHGZY,
NKCDU4RZXFGBQBBP,
NKCDU4RZYKVHDKUB,
SUDEGGB3JXAEBFYW,
BHGEGTATDSHFENHT,
CRTECN2QWSVZAX9V,
BHGEGTAVWRZQTU6T,
MUGE5HG8FG7YJHMD,
TWCEJFXHMSCXWE9J,
TOPE8ZAFZZ6YMGFY,
ACCDSY8EGJPW7RJB,
SHIE6ZSBHDEBFCGM,
PBXEDDEFTWAW3HCU,
RNGE87FCDWVPDTKV,
NKCDWBPZVFY7H9UY,
PCSEE4H5CYRKNRZR,
CCVEFX3Y9DFJVJUU,
DREEFJ44EBBUEKKY,
TSHEJUCY9HGZMKHJ,
CRTEHSSCUCMVN7SP,
ACCEGZ5PGHCDZTNY,
KRTEC89PH6PVAQDT,
ACBECFGTGENHAGDR,
CRTECN2QUSZGGH6Q,
SHIE45Q6SJGSMHTN,
VANE3KUFNUEGQNKH,
MUGEBFGFM83MRVN7,
PCSE6SJGYMZB6CHV,
BRFEGHPHWBTHAX2X,
TOPEB7BFCW7YG7KG,
MUGEAGGKJM5GUWQH,
NKCEBFWTSMKDQZMR,
WCKEGGN2J66F3KAF,
NKCE49ATTPYAPNWB,
BBAEJKEC2HXUHKQE,
BEOEH25NTUDGG5TT,
NKCEBUG2XMBRJDGV,
MUGECEVFKZHBDRWM,
CRTECN2QX6RSYSRG,
SHOEH4GRSUBJGZXE,
NKCEAGXHHAAGNS2H,
ACCE3YFFWB4HHHG2,
SHIE6ZSBWSCTKVTQ,
BRAEAQMANF5GRRDB,
BDSE7WQ37UVSX7SK,
CRTECN2QUT9HQH2T,
PAEEAMGFVDHGDRG5,
NKCE5W33KFFZDSDY,
RTRDRJF8GJ5AFZTG,
WATDA5ZAXAP2VTGQ,
MUGE8NZC8ZHZPNFF,
AIREGYYZRAPHRFGD,
PBXE68H4HF9ZZWAB,
SNDDXFQHUDJDHZG2,
PCSE4VAVWZZECB84,
CRTECN2QVCCD9PHT,
NKCEAGXHSCG9YHAY,
NKCEBYWTBUEBCND5,
NKCEBVFYZHDYZGHD,
SBGEGE6TNPUX8STE,
TOPEFCVHACWGSVHY,
SHIE8QE6RMNSGPAU,
TOPE5F53Z6W4V2CP,
BLAEE6KTGFDV8NGP,
TOPE89H8PCWMHBCP,
NKCE9ZWYZAEAGVAK,
DRPEF2XSFBAP4SUZ,
NKCDYHF8ZEK8ZM58,
SHOEGRUNZPJDGG2Y,
JEAEGFMZ7SGJWBR5,
BAREGGF8JSE3HTF9,
SHIECJ45TFDT4EPB,
CRTECN2QXUBGMWSE,
ACCDVPGKY3GBDB5P,
CHGEJCWFY4HFYVZ8,
NKCE9YX2HGNZSZRV,
DREECJD8CZDDUJNU,
PCSEC86VEBNYKRB5,
NKCE93H2ZTHJGFVS,
SHIE5HBGDYSHVA5R,
DREEDVHXDYJCAEBP,
VLBEGFFEMY8ZFEMJ,
HCSEHGV96WXQCBN9,
NKCE64Z489PQN4U4,
NKCDYQ3RPPERYA9W,
NKCDYRHGP2UFXMT7,
HFCEGNQBS8P8EDHZ,
SRTEGWKHXHCF2TME,
SOCEJPT5ZR5ADJA5,
BRAECFAREVYWQSQG,
SNDEDTCXWCGDH2HA,
GLSEHPS7UYJVYUTR,
BRAEBBMQWBGB5ZFQ,
PELEG5CSGASSHHBK,
ARPEE3YXEPFNJGUZ,
RNGEDAK7ZDCDHUZF,
SFFEGG74CMKFQVHF,
NKCDTAXFQMHPMUTQ,
CAGE9ABB78YZUHEQ,
NKCDYQ3RCVCSYD2E,
BRAEBUHYHEYKZKHK,
WATEBMY8HWCHMZZ5,
SHOEBYWT3QBBAVXJ,
TOPEFGG8TJGJ7QDT,
VANE3YXDHDRWR9FU,
ACCEGKFHHFX5B8HJ,
RNGEDAPSZFBHAGJY,
LJGEHFBTFDGHGGWD,
NKCDRDWAZU9ZJNHZ,
CTTEH9FWFHGR9EPK,
BRAEBXRBH28AMHPF,
NKCE7MMGPQRJ3PEH,
BRAEB9SJUP6T68FB,
MUGEAYHPFEWRVJH6,
NKCED6EXRYZV74VY,
POXEHPSHDKBCTWCF,
SWDEJWDGXNYEXPXF,
PBXEAP3SVFJRZJK2,
NKCEBP8AQZGMMWT9,
ACCDXH5JGXMTZFTZ,
CRTECN2QZUD25VFN,
BBAEC897YCBZPV8H,
PENEGGTYTYGDHXQK,
NKCDW898UNJX5BWE,
NKCE8ZJ2643HGFYQ,
PWTEB7H2E4KCYUE3,
KLSEGTBQ6PSU8NTG,
TOPE7QTUDHZZZHVS,
ACCEGZ6BY4ZPBWWV,
NKCEYUVR3MHTVGGJ,
NKCEB2S9CGCM3CCQ,
NKCEGGEKZXHG2ZGN,
CRGE9667SJM3Z4PH,
LBXEHH5WRYQQGNSM,
ACCEGKFHRM4ZGYZP,
BRAE4VPRPHT9SYZZ,
SHOEBDTHZDHFPHHG,
SNDEJGYFP2AT3FMH,
CAGDW63HG5JBCVGA,
TOPEBBGNQEVQZ2W6,
TUNE6VK2GCBPBYFW,
CLTEGMUMNQXUEHHX,
PTPECA2QYCZH8MBV,
CAGEBTJCMAJG7NW3,
SHOEDHHSRF6FMWGA,
NKCE9Q93AZYXVKYN,
PCSE2ZMUZH9PARZZ,
NKCE7MBRM6JAPEAX,
CAGEBTGEHMQUS8NH,
MUGEBFGFRUMZGKNN,
CRTECN2QVZZS3FER,
WATDJTR93NB8HHQC,
ACCEGSAZPGAHTHNH,
NKCE73KHF8KTYMRQ,
TSHEHU5RW2VDGFKZ,
CRTECN2QUHGUJNDZ,
RTRDNY65WHG9FHTS,
SUDEGGB473ACY9MF,
SHOEG7NWGF93MFVT,
SGLEJJ6HEU8GVW4W,
MNKE5YG7USVVTPCZ,
LNGEBDTBGWTXTYWT,
SHOE652MJRRMFBEF,
NKCE87C3C9QYYBTM,
CRTECN2QVJBRMHRN,
NKCECPQAERMCV6YM,
SCHE82QGQ2XPDCYM,
TOPE8ZAFY82P7AGT,
RTRD4KY4UNGYCZFG,
TOPECRP5KCUZWYGA,
NKCEBFWTHMVVNRDP,
CRTEA7HA7X3CW7YQ,
NKCDXHWZHPXRF28E,
TPYEGGGZHDFZWZ2X,
ACCEAZCV9DGDZDDD,
CAGE7DUYEYWSYGBY,
SLBEG68TKWYVGNKT,
NKCE7MMGWBZPZJSZ,
NKCDXHWZGDPDJG7X,
CAGE8XYYGMRKRRCH,
PBXE9FEBPXAKEYAP,
CRTECN2QZVH3J8PV,
SHIEC8ATMHEWET32,
RLRDY36SXZNHEQWA,
CRTECN2QVP7WKETJ,
NKCDSCF3PH6MPP5N,
BRAE5PKZ8QXFHWGK,
NKCDZHF7TKGY8BAX,
BRAEA8YRRGJJWVHB,
CAGED3YQSJXNZRJF,
CRTECN2QZH9J6EHK,
PBXEAT5YASJRMNG7,
SNDEDGAFFSHFKZN2,
BRAEBXRBYGYKC76H,
VANEB97UCYGMNHRY,
CAGE9ABAPMTWEJGH,
TOPE8E8NJXHZ4S9N,
SKIECYAEGGB8EPWU,
ACCEGKFFSRRVD7Y8,
NKCEYGTG8H79NJYY,
NKCE5V95W2BFNBCZ,
TSHEHU5RTMMTFVFG,
NKCED6EYRDRJKTPC,
SHVEGZUHGVYZBRW8,
NKCEA5FHSF4NWKBT,
ETHEGMHHGGCXMSYA,
MUGEACY8U2HXTXZ3,
SHOEC8QG3CV6YYDJ,
BRAEBUHTPZGHB6HG,
CRTECN2RV7NHG8XK,
TOPEFGG8FEQUZSMS,
TROEGZMRNERWAHEB,
SHTE7FR4YZZ77Z9Q,
BRAEDZA3KZVHZZHZ,
CAGE8X8XGZGQGWVN,
VPAEHPYYFKG4NG39,
PTPEFJHG6SUSBPG8,
PTSEDAZU69CBFF2M,
BLAEFNHBFWEXG6YM,
HIFEB7J3RCFHZ5DB,
BRAE3TSHZWH8YWED,
NKCEANB7H8P6QY4K,
CRTEB774Q8HJYPMB,
PCSDYQEVGFZSGRQJ,
BBAEJKECZ2ZNAUZQ,
BRAE6HUHPGFHGEER,
NKCEFMZUGH4NG7F6,
PCSEE4H5ZCFWZZRZ,
BRAEB96BZWFCDVY3,
SNDE95MFPFPJ66M6,
KRTE9JEZ28H4ZWM4,
CRTECN2QUTVCTHHS,
CRTEJUA36GHKGQEY,
SUDEHYGUMVVYKJCW,
WATDUNJ7YKMGG9RZ,
DIAEJUCEZNKKK4FK,
SHIEBZB49VZZQRKK,
TOPEAZ88AGF3KJHS,
DREECR3HFXYFPHD4,
NKCE8SESAZ4K8HZC,
SNDEE5FMQ5YQAKMZ,
RTRE9N5GJGJ2GMRV,
WATEBNXNMQQQFSQG,
SNDE3E6YB6AZJDGC,
SWTEAW3STNNJSKNP,
NKCE7AGZQB7Z7UFM,
WATE7VE2MFQWBF4H,
PCSEDCWJBHDR9EYU,
WATDZ2ZQHSAYJPWK,
DREECJV2GVFHGQB7,
ACBECFGTZHFZ64PN,
BRAE3P8YHGJF5WUZ,
DREEDVHXSAAZSBTZ,
ACBEB3489M4NQZBD,
EMSEDSHQ3VU6T8Y2,
SUDEGGATDVCMWGGH,
PBXEBESSDYBYUGXT,
ACCEDFVFVMKXJGGG,
BRAE3UG9P8GJXZ2X,
SHOEJUQFQURGGFY4,
SHIEJYHMR7DUKT8W,
SUDEGGATJKZYUZUP,
RTRDZBJ5VAZG7VGC,
RNGEDAKBZPHKHGCQ,
BLAEEH2ZJ3G9DA7G,
SHIEB468NVUG5HMP,
BRAE3TSHZQDVSGYY,
PBXEAFTPFDK6BRHK,
TKPEFT4AD3ZQZZHN,
ACCEGYP259YXZJ4H,
RTRE3KKXMVHMRQ6C,
NKCDXYFHHPBSYJDZ,
SHIECASQHFWX59GJ,
TOPEGQKDATUDJTAG,
BRAECBDFZAEZYD2Y,
WATE4S5RZ8P5JZHZ,
CPIEJHF6GZEM7SPY,
CRTECN2QVMFZFNGC,
SNDEGGRYTVYGPR6F,
RNGEBPU7PG8W88TV,
HMBEDCJHT4FCFKGD,
NKCEC87S2ZAZBYAR,
NKCEC88C4GV4UFN3,
SNDEA42M6GZNV7M3,
SGLEGBV8BENMFZGH,
RNGE7M92PHFGGBUJ,
BRAE3CYXV4JGWEDA,
CBREGYBXZKY5VKSK,
CBKEJ3AN6GEACKYR,
TOPEBR5GNG9MACAD,
FABE78FYGHF22FNE,
ACCDX8ZWQFTTGZYK,
KRTE39Q4GVHFHWZV,
ACCEGGBTG3HMNHNA,
RNGEGMMBCJGQGGEF,
BRAECTFYVHHKMV9H,
NKCDU4RZRCYAZHY7,
BRAECFARHCG7P8WT,
BRAE3TSHZ2XFSNUT,
JEAEFYQHSR7BWPG9,
WATE3HFNMGVTZEDS,
SCHE3Z7Q3TSVYMRP,
DIAEJUCFHWGHUQFP,
NKCEASN6TXJGHZUE,
WATEYAP2ZFEV2JKG,
AVCEJCHCDNFTHSQC,
FABE88MH3NGH8MUD,
PCSDY5AHFNSPGSV8,
BRAE785RYFT8WTHK,
PANEJQ5YHAHQYD4F,
NKCED6GHCAHTHNCZ,
ACCDVDC8S5JWEE6X,
RNGEDAK9YXVZV6G9,
ACCEGG9V98NCXGPE,
ACCEGH6RNERXNQHW,
BRAEGP6SFGYKNNCD,
RNGEBQZQGQVJZEHC,
NKCE9G2BGNV9RDXG,
TOPEYP876AAGE9NC,
RNGDTBQTBEMPDBMB,
PCSEC86VVTQJN5AQ,
NKCECZG4EYKY7XEH,
PBXE5YGWHMS88ZBW,
NKCEDCT9CFG3HCAQ,
NKCE3Y5PDN4U66HC,
NKCEANMPKCDG8DRP,
RTREFDXTZ4GGGAEX,
NKCE5WSJTFZWUWBV,
NKCEB3GZSB8GTXCT,
NKCEA5FHBGJ9JPFY,
PCSEAN2WCFR4FXVB,
MUGEAGGKYWKB6YGX,
RNGE7M92HHHRXZKG,
BRAE8TFMPNB5GSF5,
NKCEAFDAZGYPTKGF,
TROEGZQHT4UCZVKV,
PACE5P38T4FEUHZC,
NKCE8E6YSG2KQEGD,
CAGE8PKGGGHUXMEN,
PBXEBJ4NUDH3PXZY,
NKCEA5FH8FXQKFAG,
VLBEGZ7SZTDCNGTE,
NKCECZG4HNVBZRYY,
NKCE9PFF5XE5AJYU,
TOPECB4EZYHC6C3B,
TOPEBW2YNZX56YAK,
PCSEAKVBT8SMGNXV,
MDYEJF57MVYHRCUN,
FABE7B2FGV9CDFZH,
NKCE89MSGZ7NVZ7D,
DRPEHYHH78DZHUZG,
NKCEDCT9HMYQSMGV,
NKCE7H5KZTH3V6AF,
NKCE2W3WYHE8SCJD,
NKCE9PNY6Z8VKAQY,
FABEAJUHWGPHZUGU,
SWSEBS2UXYZBSY2Y,
PCSEC86VA2HGZGXW,
BRAE9Z5TFXB7466Z,
LSKE99UKDTDN7HBM,
NKCEBHGB3FZSR5RH,
TOPEHZNTFAHEZMQA,
PCSEAYRTZYDSPGMB,
SUDEGGAUR7EGNEQ6,
TSHEB72FPCF54KZU,
SHTEJGESKVEMGRYR,
SHOE2NKQ4NXGAMYX,
BRAE3TSHUSSFTGHN,
NKCEAHPFWCZQQBAG,
BRFEHTTQHPRGKZZY,
BRAE2NF6XZZJ6EXG,
NKCEYUVRNDSCECZR,
PBXE84AFK5C9NMYV,
SUDEGVG4VNMYZWXT,
NKCE5W339WJ23R7Z,
CRTECN2QUBGAGPCK,
BRAEGG4P8HYHRAC9,
SWTED625BMZKJXHP,
BRAEB9SJZKCAY5SY,
WATE8E8PCQJAQNAP,
MUGECJZ2AHNZ2JHS,
PTPEFJHGGFH7GA3Q,
SHOEH76627H5HRHM,
CAGE9ABA6MTKHCNM,
CAGE5NGBUYYEVZ8S,
TOPEGH27GZK5XG7P,
JEAEGFMNENQ9G6AN,
MUGEBFGFYPNW7GQ8,
NKCECYNZGPXQ6HR6,
RTRDB8GKEGG5E3XG,
NKCED6HQP5QHVGGP,
PBXEBWY3QC5WCPHS,
NKCEY8KWTM9HZKDJ,
ACCDX8ZUCDGVWWWB,
CRGEB5MNWY2XSW7T,
PTPEJPZSEFCE3CZW,
RTRDMTEPFH3EVUM6,
SHOECQQFYNSCRFBR,
PBXEBQGHT5PYSDHM,
SRTEH2FF9KEDEFGF,
TOPE75N4JHUJCF2H,
VAFEHQZYGH5HRJJP,
BRAE3SGZXAPZKGDK,
SWDEJXHARNREQZVK,
SGLEGBV5ANNWWFZX,
SHIE7BZ9CHKNXZJU,
BRAEE3RMMRRFQ9AD,
MUGEAGGKYSMHGRMH,
MUGEB3GZ4ZYHF24Z,
CRGEYZ5FGRTYJUT6,
TOPEGHZ7ARZWUVFS,
CAGE8PKGXDZFUTHH,
ACCEDTNRXHXZKH4G,
CRTECN2QZWHEJRGA,
PCSEBZQ5GMBXZFCF,
MUGECEVF7HGA3QMQ,
NKCE6ADEUEPXCHHK,
BRAEBBYRZKNYWP6G,
BBAEGGDE8QWHDEYB,
HOKE6KZCEZJFHQMY,
BRAEBBYRXQSD8NZX,
NKCEBF56FWWZ35HR,
MUGE5HG8VVGMBN5M,
BRAE5VA9GBGW7M7K,
CAGE7TVZ8PH9GJQU,
CAGE9ABATUHJ8G4X,
MUGECEVF4WG8JSZ9,
PCSE4V8HRKQH5A5V,
NKCE4VA4FAZ7FTFM,
BRAE3TSHPTKBVBHK,
ACCEGYP2FYTWVKUB,
CRTECN2QYKPMZGNZ,
NKCDXEGW7APJ97YS,
NKCE9ZVGJQNZWRN4,
HAREGG26DYDGEYRH,
DRPEEZNFGG9J9KAV,
MUGEACY8EWA937QD,
NKCEA5FHZSG4SVZP,
TSHEHU5RPEPPZW2R,
TSHEGF9S8MT2MVYV,
SUDEGGB4ES3XZCKP,
SHODPH4GEYW54KMT,
TSHE4F2GSWVGKG4D,
SHTEAGGFBZGZMFCF,
RNGEH8WN5KNHEFWJ,
RNGE9HDPGG8ZHUJZ,
PBXE9EJKVEFQQTJH,
NKCE4PZ6EPR4AKZY,
TOPEHTU46JAHMV33,
NKCEBFWTYSW72YJK,
RTRDY9NVKBBNGYMU,
CAGE3GFTKFNDSUJY,
DREEAEB8XNSACHQB,
BZREBXM8H66HR9CX,
RNGEGMMBHHARCJ6H,
SHIE3QDHFYNWATPT,
MUGEBFGFYQPGRQ7Z,
RNGDTBQURWKKGMZZ,
AIREBA9VGER68DFH,
SHIEB7957MQBWGV3,
BKPEGXYVX4CG7UWX,
ACCEGZ6BBHDP23K8,
CAGEBPNU8TKUG6NM,
NKCE92XFXH9HH8BT,
NKCE9GR9GFMQ9TNZ,
TKPEGM48GGD2QKZN,
BRAEBP5JJA24D2YS,
CAGE6FYKDHFFNFHG,
NKCE9PFFKZWGCJMV,
NKCEC87RGJPXNK7P,
SHODUMFYWHFYZRPY,
BRAE7DNYSXZSXG9S,
SGLEJJ7HNYDPKZ5P,
TSHEGMWZYCTCDAAZ,
PANEJQ54895A7GHS,
BRAED6C5RRZJBRNP,
PCSE4FKCGZNGNHFN,
NKCDRDWANFDGXSSK,
MUGE9P6DPPNA4TUS,
CRTECN2QZ7DHY6GV,
BRAE6FMZTRTKVXU6,
LEAE8UKZFQRUTMAG,
SHOEAPCYWEAFSFU5,
SNDE5TY3KAETEZVX,
PBXEAFTPXKDJHHYN,
TOPEGWURCXSZMQ6H,
NKCE9Q93NGS45HGG,
SNDEAYZZWRXJSFWH,
NDNEJRAPFDZ3R2HG,
PCSEDP3UUPFTQFCU,
ACCEGH6SPZF3AHH6,
NKCEASN6ED2AZSGJ,
SCFEFTYSYX8BTZ4P,
PACEAYZANXQFKGZ3,
RNGEDAKCZHXRBG9G,
CAGE4Y4FXXUZS4ZP,
WATE7H4UYKQP363Z,
CCVEFX5JZHYKHHHF,
CRTECN2QSBAQ24DZ,
NKCECHX4UCYT4MYX,
WATDAZPXK8FSPGB4,
BRAEYFDEH7WZVJVG,
PACE43HFHCYGHYFK,
SRTEGUA8AG9HYTAH,
RTRE96W36WAJHRCF,
RAQDCNWAHJK9JNUY,
BRAE5F3KGVA8WAJH,
WATDZ5HGDFYKXHYT,
JCKEJNEZZ2RFFJS5,
TUNEAUVH8G8ZPGYC,
SHOE44ZFTHMTAB6C,
BRAEE6YMGMKH7DCZ,
WATDGFAQBJJV2TTK,
MUGEBFGFYM5T6KNW,
SHOEBG6ZS2YREWHD,
PCSEAKVBBGJAZTHM,
ACCE73VFWU9JYKEF,
CRTECUWZDJRHRFNK,
NKCEBHGBYC9ZH3ZX,
NKCEGMUCHG4CKEGB,
NKCDXPZS8AZMWHZB,
CRTECN2QZFVWFX3S,
RTRDW77Y4D3QTBUG,
NKCEA4CAWGKJ5SBV,
CNSEHF8FGDHAGGGR,
ACCDXH5JHWBCNQQ4,
TOPE4DS8VQC2KCD8,
BRAE7T3WRRVYQQEG,
CRTEB774DZGQJXV8,
BRAEGJFXWMKWGTG5,
TSHEE4WZVGVAMRAP,
CGCEEFZSURUGRCUG,
NKCE6NHRZA6ZXMTZ,
ACCE8XZMDHKTDDTY,
TOPE954FVTRCRXUN,
TSHE4S257WYDXMMX,
WATEHYW2GJW9SZYZ,
RTRE2TYN2XUPCEVH,
WLKEEXSVZWZHJEZW,
BRAECKHYDVMUMAKF,
PBXEAT5YDFMUMHGB,
SHIEBG6FHNFZ2TFP,
SHIED3RY2QZE2EWM,
CAPEJZVUAZAEGXZ4,
WCKE2TFFFYHKUM68,
NKCECJPC5HBBSFKZ,
BRAE7NMEGDDHG3EX,
ACCDXFPYVJCMFGET,
FSEEJVNPNZHCXNNK,
CRTECN2QZ4NY4SSZ,
NKCDYQ3RYDG2GMZB,
SGLEJCHSWBMHVVNG,
TOPECCNVM4SN9F9C,
NKCE74XGF3PPAZ3Q,
WATE5HFYXEJRCTHF,
NKCE8V3ZHGGGHHDH,
PBXE9CVJ6G5NAQFH,
CNDEGVE65UWDPCYC,
CRTECN2QV9AZBYNG,
NKCDU4RZPGSGYY4Q,
NKCE9YFBR7ZAMBNJ,
SNDE6W34GVRVHWQQ,
CRTECN2QZCGZSGK8,
BBAEGFHEYYMKHFZR,
WATEAUABHVPGRBAS,
CRTECN2QZVUWVHZZ,
ACCEGH6TMFNCMYJB,
PBXE9WEVHF3ZBQHW,
WCKE2TFYWX9QW3YC,
BRAEDTNZZRXBHZGZ,
BAREGJ8B2Y3TPUWH,
SHOEJCKBGJGZQJHN,
NKCE9Z2JQGBBSMTM,
TKPEHGWYVVXUYCFC,
CRTECN2QYGNYMVY8,
CAEE9Y64FBPZJUUH,
ACCDSY8EMKXZM8EW,
CRTECN2QUZBANWHU,
SHOEDH9AS48SSFBT,
CRTECN2QVV8ZGNWK,
NKCDU4RZ9HWVUHGW,
SNDEEFTGRRUZSFGJ,
NKCE8P4V9ZQCAYZN,
NKCE76TNSYX6ZQ9Z,
CPLEHB7C7ZJGHEQU,
SRTEGWKKQABUMGFA,
NKCE38HBTZXEXXUG,
SHIE3QDGUEGVZJZ8,
NKCDY8S8ZPV4YA9S,
SHOECXPHZSFGQEZZ,
RNGE88FQ5SDTSFY7,
NKCEAP3S6G8ZEGB6,
JEAEHUHKEAEUXSRQ,
BRAE8WPSG4FMHFXF,
RTRE9JEGMXHZ5RHQ,
SHIEYSPPPDGTSGFX,
SHOECJD5WVAGAJEH,
WATEYAP3FEPWZ8MH,
DREDRCRHDXQNK4RB,
TOPE7ZHZHT3SKKMN,
SNDEBBK5Z6KUQZZF,
WATE2RX9HHGBUQGA,
WATE2HX6JQGRXSEA,
NKCEDCT9MZNZ7D8B,
SHIE8HXEEX69GA9F,
DREDYSNRZGBFFVQ5,
NKCEACYSTHNBFPM8,
SUDEHYGURKV9EVVS,
BRAEDQDFPNUQGUVG,
PBXE829GJ3ESYYMQ,
LJGE9TGNUKM2UGWC,
MUGEBJ7XBXMRUHQC,
BRAEB9SJMFKF39ZW,
RNGE864HPZG96WNH,
BBAEFYZ9HC3R7CSS,
CRTECN2QZZHZH8H3,
NKCE49ATHBGGPBDM,
PBXE5ZJZBKZKFUTT,
SNDEGGQ6T4W8ZGKH,
NKCEANMPQABUFANV,
CLTEHE9FNVRTJUGS,
NKCE9PFFJHGX23NG,
NKCE6KGHUMC3DZNK,
NKCE96SXSGHZ3GZA,
BRAEBUHTHHJDHGHE,
SNDEGFJQBJWUCSHS,
ACCDQDYBPHVQ9EFC,
PBXE84AFH8Y5KECY,
KHREGSDWQZKZRY3J,
PBXECNFSCHBSHZM9,
CRTE8389ZZJS6W9E,
CRTECN2QZFRKZPZU,
TOPE89KYEWKHKRDZ,
SHIEBXSH3GADDFBP,
CRTECN2QYZ9YX3JR,
BDSEJJ7CMKHRWVCZ,
BRAE8EHTGUTM8CX2,
BRAE3P8YRJ69HFQT,
SUDEGGATYHBGUFTF,
NKCE9YX36WBZF9HJ,
SUIE5GT3DSJCKEJF,
RTRDYKU6F2GVR3CR,
ACCEGH6TEZ8CAXEH,
SRTEGWKHGMNG3WRJ,
CRTECN2RCNAMYX2E,
ACCEGG9Z4QCZJZFJ,
BRAE4S2FYF4RN49J,
ACCEAHRFFH3S7HFF,
NKCE9JBQGG5PHQFM,
CRTECN2QYU4SJADV,
NKCECQYZNVJKFMJV,
RNGDUZU5VCYXAAEM,
SUDEHYGU9BE2XETS,
PBXE5YGWHPQGBWG3,
ACCEGGAYDMUYE7SK,
WATEHVHJHMCGW3VN,
MUGECJZ23GD5PE6C,
PADEHZFHGHFQJAXV,
CRTECN2R7EXGYGFZ,
PBXEAJVRRK6MXXKH,
PBXE9YWJHHERWPG4,
WATDFFH3PGFHHZH8,
TOPEGFXU8ZAGFGNZ,
SHOE6ZQEB694PVM8,
ACCE8VP6PZDUEYGP,
WATE2FAGESM5B5VZ,
BRAECC9JFBY5YSEY,
BRAEYFDGSY9S9ZDW,
PELEGPF7C9YZFKDM,
ACCE93ZDRDSJD3RG,
NKCE9YFB9BZZ8ZFF,
JWSDZCHGUTXYUGZD,
SHIE7DFNVCR8KUGP,
NKCE9PFFXGMFX5PB,
CRTECN2RZRH6FTYZ,
JWSEJFMHQEMPZPGK,
CAGDU9C3ZBMU4CGR,
PACE5M34GBFNK4F3,
BRAE8WYHXBEEPGDQ,
RNGED78RWSSAT7GT,
NKCECGT3EZHNNRAT,
TMLED7GYYPZ3ZXGW,
PELEJUCGUAPQRCZX,
BRAE6ZCHHPFNBYNU,
SUDEGGATXD4BMC2G,
ACCEGG9Z5UB2JZYH,
LJGEJQ4NA7BDGQWZ,
JCKEJFPDVWBKHPFY,
RNGEE8ZHQ4HRM5WY,
CRTECN2QTCW9VDKR,
RNGE9HE7BKMCZGRV,
CRTECN2QYYFYJFTV,
BRADM8DWSRMPPNNX,
SHIE7VFYJHKGMXUR,
TOPE8ZAFC7JSV7QX,
VANEGQCWZYFZ3EYJ,
TOPEYY5YK3WEGGXX,
MNGEJPST4MZDZCHT,
PYJEJMHJNXJ6NGKC,
PADEHZFHCNQGWNNS,
CRTECN2QTWDYRKGW,
JWSDSCB7SN9AYB4B,
RNGEAM4ZFGWHWMYZ,
TOPEBRYGRZFGPMHP,
GLSEHEHZAZEJMRVF,
ACCDYAGVFPSCPQUY,
NKCEAJP6DGFV8AEZ,
CAGE7CJVGGHQYZDQ,
SNDEBYH3ZR33KSAG,
RTRDK7TWJB6RCNP9,
RTRE38HF433WXQJD,
SNDEDG6HNGZDZXBV,
BRAEDT7STGZCKHEB,
ACCE6RHG47DESW3Q,
CSPEGMVJJDYAYQYG,
NKCE2NKZT6GSFFV5,
ACCEGG9UN8H6EHGA,
WATEBJ37KBB3SEBR,
CRTECN2QSGCA6CSF,
SNDEHZPDSQZYASGW,
CAGEYUXVHFYNCAYD,
PCSE69MFRZSMYVRH,
SNDEHZPDZMNZGHEQ,
MUGEAGGKQMGVUVJT,
SHOE3S9BGUAGYE5X,
MUGEAGGKHU2G6PT8,
SHOEBG79YJZD9C33,
GKEE5ZZ34VYKVZEK,
ECIEF6JYYJ4PHJ3Q,
TROEGNRFM8FCZHHM,
SHTEYSPQAB9KAUVG,
TWCEJFXH4EU2JZYG,
WATE6S3AMDGT5PVG,
MTYEJJAQYHCNKYZZ,
NKCE845VFGMPFFMT,
BRAE3WVQSRGWGHZV,
ACCEKFVWTGZXG5XK,
BRAEE6YMKFPSHPY3,
RNGE7M92FZVK8YWH,
BRAEBBMQWZYHZFGE,
ACCEGZ66ATHMFPJV,
NKCE7UEX7BGCCZUY,
CAGE5H7JE9G72SHT,
TMLECXEQGAQXQKDG,
NKCECZFZY9YTKGTW,
SHIECFNXZ7W9GVYZ,
MUGEAGGKZEFKTZ8U,
SHOEFECFFYBYP9QR,
GLSEHB7RQJFVT6GS,
NKCEASCZU8K6XDGF,
LFHDBF4BY3PS66NG,
TOPE8E8NZP256K8G,
SNDE8SSKSSARAXHJ,
CRTECN2QXHGGKHWV,
JEAE9PP49AH6PQCW,
PCSE94FSG87ETQY2,
NKCEANMPNFSQ2K6X,
PCSECV3FTHYGHHHF,
GRKEG679TVS7CSPA,
TOPE7T5FMBVW9EFY,
SHOECXZEHUBBZYJV,
CCVEFV4RRNH9FAHH,
PCSDYQEVCWZSZH8V,
BRAE3TSHUSJJYKM7,
PADEHZFHMTEUP8YG,
NKCE6UWHWNCNCFQF,
MUGE6S9YXRP8MRQC,
WATECKYCCMXUQQMS,
SHOEJNY2X4CUEGTM,
PCSEAKVBCZWH8HDS,
NKCDV9SXP4JGZDKK,
BDSEJTHNGWVGWWQU,
BRAEYPGFGBRMAEZA,
NKCE8RB5WMWAWNHJ,
BRAECKHZRU4RZKQH,
HRCEHF2CDHYWPFVN,
WATE8PBFJDAEDYFQ,
TOPE8QNKRJHBNWNV,
PBXEAJVRSJFJ2APN,
SUDEHYGUFAGB4NYH,
JEAEGGDJGFGQXEKV,
SHTEDCZWPM7F8GAM,
WATE3NWHWKVDFSDN,
ACCECHF4VZYHA4XZ,
PTPDVPEXSANDVSJQ,
JEAEGHQYYGDYDBWY,
BRAEDSKCYE7BNKZ4,
VLBEHHWFMGCMEM4K,
TOPEHXA27XJFNSGV,
ACCEGH6SEMYHF34Y,
RNGE7M922VGFBDGG,
CRTECN2QZ4XUY84U,
ACBECFGTYJ3E8VHE,
NKCE38HBJCPPYWKH,
BRAE7SQFKFNVCTB9,
TOPDW7AQKZZHFCZF,
SHIE9YDH4WHHEXZH,
DRPEHYHMEUCSYGKA,
RNGEHFDYGPHZ3HGA,
SHOEJVGTSYMHYFBX,
ACCEJGH5QTFVXQZT,
SHTEJT4D7Y9NTWYZ,
TOPEHZPAPFNFEHBG,
NKCE52CSJEGXP6FR,
PELEJUCGBEHUGMZF,
BRAEAREZG4Z6ZFK9,
TOPEHTU4FN9KEAHJ,
PCSE4FKC73GEKW7W,
CLTEGMYW2RWRDH5X,
ACCEGH6SF89RGZQD,
NKCEANMPGJAZ7BHE,
CRTEA7HAXMYFVGXX,
NKCDU4RZQRXJH4JF,
MUGEACY8QGADG5VG,
PBXEAXGWYNVUUQVY,
CRTECN2QVE4KYGWY,
NSTEJHERS3AKXUCW,
SHIEC8ASQEPSK7FZ,
RTRD8FNG6FUTFZQJ,
ACCDXFPFEDJCKQJ3,
BALEGFXZGSRGJKJY,
TOPEBQGGJ2C7Y7HZ,
CAGE6FZSZXFKQHZP,
TKPEGFWWV9K7PMMD,
RPEEGGDJN5D8HFRM,
NKCE6TNZ9YGRGVNF,
CRTECN2QSGWBHY9F,
ACCEAHRFCDZHX2CG,
BRAE75HSN6B5RA9V,
TOPE8N3BAE7QWZFY,
WSCEFE4RZ8FRPQTD,
MUGEGWT5RGJJHSGN,
MUGEBJ7XHH5AVZV7,
PCSEC86VAFUTHBPX,
CRTECN2QUTDWFYGA,
NKCE9PFFYZYCKJFB,
RNGE864HRQRATXWQ,
WATE3GEY74QU9T35,
WATE9MVXX3DZ5UKD,
MUGEBFGFYWQRWYDN,
TOPE9KJEYHXXNBGC,
TOPECMKVPCH2ZZTY,
SGLEGBV8VGCMH77F,
WATDKB7JW7USDVZ6,
TLPEHAKFGFC9QPM4,
JUMEBKQJUZHCZHHM,
JWSEEBEEHKG4ZGRG,
CRTECN2QSUHUEZZD,
RNGE7M92NZGZSZJQ,
TOPE593EQJA4WW4Z,
BRAEDGM2YE58PGPV,
PBXEANB7QGWSP25F,
BRAEE6YMKGHQ4C4K,
TOPDYMSXBMBWVAS4,
MATEHFNMZVV9HYUV,
KRTEFG6MGMW4FQXF,
SNDEE34XM8XB6ZEX,
TOPE6HZUKGTFPUFP,
TOPE954FF9KJSZZN,
NKCECGVAZYG6SF5S,
PBXE4Q7YBMXJ53ZG,
ACCEGXDJMWKWYHPP,
PCSE6X3Y2HSTHBDW,
SHIEBZB4U7BKYJTU,
NKCEAFC847CUEYZX,
CAGE9JEFFUQQNQHW,
TSHE8Z4HYFUWCVYB,
NKCDU4RZURUGSZZ6,
SHIEFFFPMFH8SZZM,
DIAEJ6Z8BEDTGGYY,
RNGEDAK9ZZR8MGY4,
SNDEHZQ7BSZZJRDT,
NKCEAP3S6TDGRDVY,
MUGE8DTSSBPHDZWA,
SNDEARQ3EKZNNP4M,
ACCEGKTTMBKZT7JR,
NKCEAVZ3QEWNHQNR,
SHTEJRCHC5KESPYX,
BBAEJK8Z5UD97GTP,
PCSEDUT3FS8UTKJQ,
BRAE3Y4ZZZJHJVHV,
PTYEDMT4FRUDXZCP,
PCSEAH5WZNWYJE8M,
BRAEEG6TFTNVFCRM,
PACEFVZZ2R8ZE5ZH,
TOPDU2HZGVTAAQJW,
BRAEBBMQY4T7DFH6,
TSHEHU5RXEVXH3P7,
WATECSW5VZSZETGS,
SGLEGBV7K2MGEGRB,
WATDP5NHENJGYYXF,
SUDEHYGUYBE5KGMW,
RTRDQZ8Z72FRMKGX,
SHIEAVW5MYGJ4BRR,
ACCDXH5JXWABF7GH,
TOPE8TQDQDHZZY9S,
BRAE3TSHXZFRYAZQ,
ACCDXFAGYWTHWYGT,
SWSEBGYUPTH7GSHE,
DREE9QSVADZEKNJS,
PBXE5CFUTETHWRZH,
SHIED78RWUCDPFRH,
NKCE69P8PC5VR7NY,
WATEHYHNCANKP5VZ,
NKCE7PZPRZFYKW3M,
CHUEF7C3NGW54VJJ,
NKCE9Q93CUEMGS46,
RTRE2V3Y6FWVHDW5,
BRAEE4UZZVMJUGE3,
SHIE7G263EDTSDU5,
BRAE3TSHRTGMZA44,
TOPEHWDGQD9NR6QD,
NKCEFMZUJEWN3HXY,
CBKEHJUH7WPZEEGK,
CRTECN2QXZUFSGHZ,
SWSEBHCPAKWKRDPR,
ACCEAMGZGAQWYYMV,
CRTECN2QZGUQPR93,
SHOEJBSZ8FS9SNJR,
BRAE6ZCHV2ZAA9US,
SUDEGGB28WWTGFUY,
ACCEAHRFFKPGUGGX,
BRAEBBMQZDMZAEBV,
NKCED6EXXSFZGQP8,
SHTECN9HFVZYP2V9,
RTREAX3DGDRSSYFT,
RNGE65FGK2TMUC2A,
ACCEGZ8EWQ7RMZTZ,
BRAE4DHZEAPXQVRG,
CAGECHKFAMZCKPFT,
PCSE6SJG9SMAGGHY,
SNDE25SG2HRJF9JH,
NKCEAVZ3FCDEUZHG,
ACCEG7AG8EUZRRZY,
SHOECH3WZHFCVZWU,
TOPEAKYKZKRHPMHX,
NDNEJRAZNQBZQWQK,
MUGEBFGFDQYJG5TW,
BBAE9K7BXFUTDNBK,
RTRDYPA4PJHCJCGF,
TUNE8FWQBS7TVVT7,
NKCEGMUABCRGUZPE,
RNGE7M92KAQWUBCS,
